Time(hours),Hole (Nos),Depth (m),Spacing(m),Burden (m),Stemming(m),Decking(m),Total Drill (RMT),Explosive(kg),Volume(m3),Powder Factor(kg/m3),Av. CPH,MCPD (kg/D),Seis. Dist. (m),PPV MON
5.04PM,69,11,3,3,3,1.5,850,3875,6831,0.57,56.52,113,360,10.5
5.36PM,30,7.5,3.2,2.8,3,NIL,225,1050,2016,0.52,35,35,315,2.75
5.07PM,33,4.5,3,3,2.5,NIL,148.5,469.46,1336.5,0.35,14.22,28.44,410,1.45
5.06PM,30,6.5,3.5,2.8,3,NIL,214,659,1969.8,0.33,21.66,43.33,465,0.992
5.07PM,21,6.5,3.8,3,2.5,NIL,140,525,1603.98,0.32,25,50,290,5.12
1.28PM,34,15,4.2,3.2,3,1.5,510,2800,6854.4,0.41,82.45,82.45,310,9.09
1.31PM,30,5.5,3.2,2.8,3,NIL,171,700,1568,0.45,23.33,23.33,400,6.86
1.30PM,44,5.5,3,2.5,3,NIL,262,875,1965,0.44,19.88,39.77,480,1.44
1.26PM,35,15,3,3,3,1.5,550,2750,4725,0.57,78.57,157.14,465,0.579
1.23PM,28,10,3.5,3,3,1.5,280,1275,2940,0.47,45.53,45.53,485,0.659
1.30PM,39,6,3,3,2.5,NIL,234,1025,1944,0.52,26.28,52.56,302,3.31
1.31PM,36,7.25,3.2,2.8,3,NIL,267,1350,2392.32,0.56,37.5,37.5,400,6.86
1.32PM,105,5,3.2,2.5,3,1,889,4333.3,7965,0.54,41.26,82.54,470,0.945
1.39PM,30,15,4,3,3,1,450,2500,5400,0.46,83.33,83.33,370,1.91
1.25PM,20,6.5,3.5,2.8,3,NIL,130,600,1274,0.47,30,60,280,12.2
1.30PM,61,8,4,3,3,NIL,488,2400,5856,0.41,39.34,78.68,400,2.29
1.29PM,40,7.5,3,3,3.5,NIL,300,1250,2610,0.47,31.25,62.5,380,2.16
1.26PM,70,5.75,4,2.8,2.5,NIL,420,2000,4704,0.42,28.57,57.14,470,0.881
1.38PM,30,15,4,3,3,1.5,450,2500,5400,0.46,83.33,83.33,480,0.635
1.23PM,35,5,3,3,2.5,NIL,175,575,1575,0.36,16.42,32.84,480,0.627
1.37PM,25,6.75,3.2,3,3,1,224.18,1080,2152.12,0.51,43.22,86.44,390,0.889
1.21PM,27,10,3.2,2.8,3,1,270,1375,2419.2,0.57,50.9,101.8,370,2.14
1.34PM,30,6.5,3.2,2.8,3,NIL,195,975,1747.2,0.56,32.5,64.6,300,1.52
1.24PM,25,7.25,3.2,2.8,3,NIL,183.75,825,1646.4,0.51,33,33,490,0.889
1.15PM,21,11.5,3.5,3,3,1,236.25,1250,2535.75,0.49,58.38,116.76,385,2.67
1.31PM,75,15,3,3,3,1,1125,5885,10125,0.58,78.47,156.94,430,2.94
1.48PM,28,8,3.2,3,3,NIL,224,1300,2150.4,0.6,46.43,92.86,330,0.532
1.35PM,16,12.5,3.2,3,3,1,209,975,206.4,0.49,60.94,121.88,383,1.83
1.30PM,33,11,4,3,3,1,510,2250,4212,0.53,68.18,136.36,430,4.34
1.48PM,24,7.5,3.2,3,3,NIL,180,925,1728,0.54,38.54,77.08,410,1.15
1.44PM,32,15,3.1,3.5,3,1,480,3075,5208,0.59,96.1,192.2,391,0.611
1.16PM,39,8.5,3.5,3,3,NIL,331,1750,3480,0.5,44.87,89.74,490,1.09
1.13PM,24,6,3,3,3,NIL,144,600,1296,0.46,25,50,350,1.61
1.17PM,58,7,4,3,3,NIL,406,2075,4872,0.42,35.77,71.55,460,1.6
1.43PM,30,15,3.5,3.2,3,1,450,2650,5040,0.53,88.33,176.66,385,1.64
1.45PM,43,7.5,3.2,3,3,NIL,322,1700,3096,0.59,42.5,42.5,340,1.47
1.00PM,32,15,4.2,3.2,3,1.5,480,2800,6451,0.43,87.5,87.5,410,4.39
1.13PM,48,5.5,3.5,3,3,NIL,264,1000,2772,0.36,20.83,41.66,410,2.88
1.12PM,33,7,3,3,3,NIL,231,900,2079,0.43,27.27,27.27,380,1.55
1.24PM,32,8,3,3,3.5,NIL,256,1325,2304,0.57,41.4,41.4,310,5.2
1.25PM,40,6.5,3.2,2.8,3,NIL,250,1050,2329,0.45,26.25,52.5,320,4.5
1.26PM,22,15,3.5,3.2,3,1,330,2125,3696,0.57,96.59,193.18,370,4.29
1.28PM,77,7,3.2,2.8,3,NIL,566,2150,5071,0.42,27.92,27.92,380,4.91
1.39PM,54,15,3.5,3.2,3,1,810,4625,9072,0.5,85.64,85.64,540,1.17
1.43PM,28,6,3.2,2.8,3,NIL,168,800,1505,0.53,28.6,28.6,340,1.4
1.43PM,37,7.5,3.2,3,3,NIL,277,1250,2664,0.47,33.8,33.8,340,1.4
1.18PM,30,10,3.5,3,3.5,1.5,300,1350,3150,0.42,45,45,365,2.75
1.35PM,114,8,3.5,3,3,NIL,912,3625,9576,0.37,31.79,63.58,480,1.31
1.45PM,40,4,4,3,2.5,NIL,400,550,1920,0.28,13.75,13.75,230,0.635
1.45PM,21,6,3,2.5,3,NIL,126,350,945,0.37,16.67,33.34,410,4.32
1.20PM,65,6,3.5,3,3,NIL,390,1675,4095,0.4,25.76,51.92,440,0.754
1.48PM,35,4.5,3.2,2.8,3,NIL,182,550,1631,0.34,15.7,31.4,295,3.81
1.22PM,34,4.75,3,3,2.5,NIL,170,400,1530,0.26,11.42,11.42,360,2.07
1.28PM,37,15,4,3,3,1.5,555,2800,6660,0.42,75.67,75.67,390,3.68
1.29PM,24,15,4,3,3,1.5,360,1725,4320,0.39,71.87,71.87,290,4.83
1.36PM,22,6,3.2,2.8,3,NIL,132,500,1183,0.42,22.72,45.26,405,1.65
1.30PM,38,6,3.2,2.8,3,NIL,228,1000,2043,0.49,26.32,26.23,310,2.03
1.35PM,39,6,3.2,2.8,3,NIL,234,800,2097,0.4,20.5,42,280,2.67
1.30PM,39,13.5,3.5,3.2,3,1,556,2625,6227.2,0.42,67.31,134.62,450,0.611
1.25PM,22,13,4,3,3,1,299,1500,3432,0.43,68.18,136.36,420,1.21
1.28PM,24,7.5,3,3,3,NIL,180,505.56,1620,0.31,21.06,42.12,432,0.532
1.22PM,42,15,4.2,3.2,3,1,630,3625,8467,0.42,86.3,172.6,410,3.41
1.22PM,53,15,4.2,3.2,3,1,795,4500,10684,0.42,84.9,169.81,420,3.41
1.14PM,19,10,3,3,3,1,190,825,1710,0.48,43.42,43.42,390,1.44
1.20PM,61,8.5,4,3,3,NIL,518.5,3125,61222,0.5,51.22,102.4,420,1.61
1.13PM,31,5.5,4,3,2.5,NIL,170,775,2046,0.37,25,50,390,1.4
1.14PM,14,4,3,2.5,2.5,NIL,56,100,420,0.24,7.14,7.14,330,0.889
1.12PM,20,5.25,3,2.8,3,NIL,108,425,907.2,0.47,21.25,21.25,320,2.79
1.16PM,20,15,3.5,3.2,3,1,300,1950,3360,0.58,97.5,97.5,480,1.55
1.23PM,24,5,3,3,3,NIL,120,400,1080,0.37,16.66,16.66,380,0.643
1.22PM,12,3.5,3,3,2.5,NIL,42,100,378,0.26,8.33,8.33,340,1.91
1.21PM,27,9,3,3,3,1,243,1000,2187,0.45,37.03,37.03,350,2.73
1.20PM,37,15,4.2,3.2,3,1,555,3250,7500,0.43,87.83,175.67,340,0.88
1.27PM,40,15,3.5,3.2,3,1.5,600,3300,6720,0.49,82.5,82.5,410,2.63
1.25PM,32,7,3.2,2.8,3,1,240,1000,2150,0.47,31.25,31.25,390,0.754
1.26PM,50,5.5,3.2,2.8,3,NIL,275,1350,2464,0.55,27,27,350,1.96
5.16PM,100,4.25,3.5,2.8,2.8,NIL,485,1750,4704,0.37,17.5,35,80,9.33
1.30PM,34,4,3.3,2.6,2.5,NIL,136,425,1166.8,0.36,12.5,12.5,110,2.52
1.32PM,33,4,3.3,2.6,2.5,NIL,132,425,1132.5,0.37,12.8,12.8,110,4.06
1.25PM,35,5,3,3,3,NIL,175,700,1575,0.44,20,40,80,6.07
1.12PM,30,4.5,3,3,2.8,NIL,150,500,1350,0.37,16.66,33.32,290,1.5
1.19PM,20,10,3,3,3,1.5,200,850,1800,0.47,42.5,42.5,340,1.2
1.24PM,61,6,3.2,2.8,3,NIL,366,1525,3279.6,0.47,25,50,390,0.754
1.22PM,36,6,3.2,2.8,3,NIL,216,875,193.36,0.45,24.31,48.62,290,1.56
1.26PM,29,15,3.5,3,3,1.2,435,2300,4567.5,0.5,79.31,158.63,310,3.41
1.45PM,73,5.5,4,3,2.5,NIL,423,2025,5080,0.39,27.73,55.47,490,0.849
1.12PM,61,6.5,3,3,3,NIL,405,2000,3645,0.54,32.78,65.57,390,2.71
1.24PM,36,4.5,3.3,2.6,2.8,NIL,162,450,1390,0.32,12.5,12.5,410,1.32
1.15PM,36,15,3.5,3.2,3,1,540,3000,6048,0.49,83.33,83.33,330,9.42
1.46PM,34,5.25,4,3,2.8,NIL,180.2,700,2162.4,0.32,20.58,41.17,420,0.579
1.30PM,53,10,3,2.8,3,1.5,480.5,2275,4032,0.56,42.92,85.84,390,0.849
1.21PM,35,4.75,3,3,2.8,NIL,175,575,1575,0.36,16.42,16.42,280,1.18
1.15PM,27,7,3,3,3,NIL,189,1000,1701,0.58,37.03,37.03,340,1.94
1.36PM,22,15,4,3,3,1,327,1750,3960,0.44,79.54,159,360,2.16
1.47PM,22,15,3.5,3.2,3,1,330,1800,3696,0.49,81.82,163.64,380,0.762
1.40PM,42,6.5,3.2,2.8,3,NIL,261,1150,2338,0.49,27.38,54.76,391,4.83
1.48PM,30,5.5,3.2,2.8,3,NIL,180,675,1612.8,0.42,22.5,45,395,1.91
1.33PM,28,10,4,3,3,1,280,1325,3360,0.39,47.32,94.64,370,2.92
1.10PM,26,7,3,3,3,NIL,182,875,1638,0.53,33.65,67.3,380,1.2
1.13PM,30,3.75,3,3,2.5,NIL,120,400,1080,0.37,13.33,26.66,280,0.91
1.20PM,32,6.5,3.2,2.8,3,NIL,205,875,1843,0.48,27,54,NA,NA
1.18PM,31,4,3.2,2.8,2.5,NIL,124,425,1111.04,0.4,13.71,27.42,230,1.27
1.29PM,26,15,3.5,3.2,3,1.5,390,2300,4368,0.53,88.46,176.92,320,1.52
1.18PM,36,8,3.2,2.8,3,1,316,1550,2831.4,0.55,43.06,86.12,390,1.14
1.24PM,22,11.25,3.8,3,3,1.5,248.81,1450,2843,0.51,65.9,131.81,360,1.4
1.23PM,40,5.5,3.2,2.8,3,NIL,280,1425,2508.8,0.57,35.62,71.24,370,1.78
1.36PM,41,15,3.5,3.2,3,1.5,615,3550,6888,0.52,86.59,86.59,410,1.65
1.16PM,24,7,3,3,3,NIL,168,800,1512,0.52,33.36,33.36,380,1.39
1.15PM,30,7,3,3,3,NIL,210,1000,1890,0.52,33.36,33.36,340,2.8
1.10PM,19,12,3.5,3,3,1,216,1125,2268,0.49,59.21,118.4,380,1.02
1.32PM,67,4.75,3,3,2.5,NIL,335,783,3015,0.25,11.68,23.37,230,0.759
1.34PM,24,5,3,3,2.5,NIL,120,525,1440,0.36,21.8,21.8,NA,NA
1.21PM,33,6,3.2,2.8,3,NIL,198,750,1774,0.42,22.73,45.56,310,2.92
1.23PM,26,15,3.5,3.2,3,1.5,390,2000,4368,0.46,76.92,153.84,370,1.91
1.21PM,30,15,4,3,3,1,450,2350,5400,0.43,78.33,156.66,280,3.5
1.14PM,38,15,4,3,3,1,570,3375,6840,0.49,88.81,177.63,380,0.889
1.07PM,31,4.5,3,3,2.5,NIL,142,550,1278,0.43,17.74,35.48,380,2.9
1.10PM,25,7.25,3.5,3,3,NIL,157,525,1648.5,0.31,21,42,380,1.42
1.03PM,24,6,3.5,3,3,NIL,144,675,1512,0.44,28.12,28.12,370,1.28
1.53PM,31,9,3.5,3,3,1.5,259,1325,2719.5,0.48,42.74,85.48,365,2.28
1.09PM,51,6.5,3.2,2.8,3,NIL,368,1300,3297.3,0.4,25.5,51,410,1.39
1.08PM,105,7,4,3,3,NIL,840,4375,1080,0.43,41.66,83.33,400,1.64
1.10PM,25,4,3,3,2.5,NIL,100,375,900,0.41,15,30,370,1.39
1.07PM,27,7,3,3,3,NIL,189,900,1701,0.52,33.33,33.33,365,1.93
1.07PM,30,7,3,3,3,NIL,210,1000,1890,0.52,33.33,33.33,365,1.93
1.27PM,21,15,4,3,3,1,315,1825,3780,0.48,86.9,173.8,280,0.0397
1.11PM,32,8,3.2,2.8,3,NIL,336,1550,3010.6,0.51,36.9,36.9,250,3.05
1.00PM,45,4.35,4,3,3,NIL,258,1300,3102,0.41,37.53,75.06,200,10.8
1.18PM,40,15,4,3,3,1,600,3200,7200,0.44,80,160,370,4.83
1.04PM,21,4.75,3,3,2.5,NIL,88.2,350,793.8,0.44,16.66,16.6,280,3.05
1.25PM,9,9,3.2,2.8,3,NIL,81,200,725.76,0.3,22.22,22.22,NA,NA
1.20PM,41,5.5,3.8,2.8,3,NIL,225.5,1000,2400,0.41,24.39,48.78,430,2.26
1.15PM,40,5,3.4,2.7,2.8,NIL,179.9,675,1652,0.4,16.47,33.75,350,1.18
1.30PM,20,3,3,2.5,2,NIL,60,225,450,0.5,11.25,22.5,370,0.88
1.05PM,24,7,3,3,3,NIL,160,800,1512,0.52,33.33,33.33,320,4.33
1.10PM,27,7,3,3,3,NIL,210,825,1890,0.43,30.55,30.55,380,1.21
1.40PM,19,15,3.5,3,3,1,285,1700,2992,0.56,83.44,178.9,380,2.03
2.00PM,31,15,4.3,3.5,3,1,465,2925,6998.25,0.36,94.35,94.35,398,4.77
1.59PM,29,15,3.5,3.1,3,1,435,3025,4585,0.65,104.3,208.6,450,2.1
5.43PM,30,11-Jan,2.5,2.5,3,NIL,135.6,355.56,847.5,0.41,11.8,23.7,316,4.85
5.45PM,60,7.25,3.2,3,3,NIL,460,2200,4424,0.5,36.6,73.2,590,1.9
5.46PM,25,4,3,2.5,2.5,NIL,100,350,750,0.47,14,28,570,0.516
1.30PM,28,7,3,3,3,NIL,196,1000,1764,0.56,35.71,71.42,268,6.93
1.30PM,34,9.5,3,2.6,3,NIL,164.9,425,1286.2,0.33,12.5,12.5,,
1.50PM,23,6,3,2.5,3,NIL,138,575,1035,0.55,25,50,615,0.897
1.13PM,36,6.5,3,3,3,NIL,233,1075,2097,0.51,29.86,29.86,373,6.41
5.15PM,30,6.75,4,3,3,NIL,193,925,2316,0.39,30.83,61.66,300,3.5
1.34PM,19,6,3,2.5,3,NIL,114,516.68,867,0.59,27.19,54.38,360,8.34
1.15PM,22,15,4,3,3,1,330,1825,3960,0.46,82.95,82.95,162,6.66
1.09PM,56,7.75,3,2.5,3,1,493.5,1975,3296.25,0.59,35.26,70.53,530,5.09
1.15PM,23,12.5,3,2.5,3,1,206,1025,1545,0.66,44.56,89.12,606,0.706
1.20PM,52,6.5,3.2,2.8,3,NIL,360,1625,3232.1,0.5,31.25,31.25,522,0.897
1.17PM,36,4.4,3.5,3,3,NIL,157.9,525,1658,0.31,14.58,29.16,311,4.52
1.15PM,34,14.5,3.5,3,3,1,493,2700,5145,0.52,79.4,158.8,,
1.22PM,37,13.75,4.2,3.2,3,1,531.6,3536.12,7144.7,0.49,95.57,191.14,482,2.96
1.49PM,23,15,3.2,3,3,1,345,2000,3312,0.6,86.96,86.96,584,0.722
1.35PM,58,4.85,3.5,2.8,3,NIL,209.4,702.78,2052.12,0.34,12.11,24.23,380,0.722
2.00PM,35,4.75,3.5,2.8,3,NIL,164.2,722.24,1609.16,0.44,20.63,41.27,496,0.691
5.24PM,72,7.5,3.2,2.8,3,1,663,3025,5940.5,0.51,42.01,84.02,562,1.8
5.21PM,61,15,3.5,3.1,3,1,915,4925,9928,0.5,80.74,80.74,524,0.055
1.15PM,55,15,3,3,3,1,825,4600,7425,0.61,83.63,167.27,644,5.47
1.17PM,26,3.5,3,3,"2.5, 3",NIL,106,191.82,954,0.2,7.37,7.37,251,2.29
1.30PM,37,5.5,3,3,3,NIL,214.8,1000,1933.2,0.52,27.03,24.06,679,4.18
1.30PM,10,13,4,3.5,3,1,138,850,1932,0.44,85,117,679,4.18
1.25PM,60,12.5,3,3,3,1,690,3600,6210,0.57,60,120,578,1.23
1.28PM,25,3.5,3,2.5,3,NIL,87.5,125,656.25,0.19,5.56,11.12,584,1.79
1.29PM,56,15,4.2,3.2,3,1,840,5116,11289,0.45,91.36,182.73,521,13.6
1.23PM,39,5.75,3,3,3,NIL,217,950,1953,0.48,24.35,24.35,426,4.14
1.35PM,40,4.5,2.5,2.5,"2.5,3",NIL,180,500,1125,0.44,12.5,25,546,1.42
1.36PM,26,6,3,3,3,NIL,156,686.12,1404.48,0.48,26.38,26.38,520,0.643
1.40PM,32,6.75,2.5,2.5,3,NIL,215.16,850,1344.75,0.63,26.56,26.56,486,1.14
1.42PM,62,4,3.5,2.8,2,NIL,250.2,1005,2451.96,0.41,16.21,32.43,,
1.25PM,99,6,3,3,3,NIL,594,2525,5346,0.47,25.5,51,730,0.913
1.30PM,35,13.5,4.2,3.2,3,1,472,3025,6350,0.47,86.42,172.85,,
1.13PM,43,6,3.2,2.8,3,NIL,291.54,1200,2612.2,0.46,27.9,27.9,490,0.627
1.20PM,30,6,3,3,3,NIL,180,750,1620,0.46,25,25,340,
1.56PM,30,5.5,3,2.5,3,NIL,170,533.76,1275,0.41,17.79,17.79,470,1.17
5.21PM,94,15,4,3.2,3,1,1410,8200,18048,0.45,87.23,174.46,300,8.37
5.15PM,53,7,4,3,3,NIL,388,1950,4656,0.41,36.79,73.58,280,5.23
1.14PM,30,8.75,3,3,3,NIL,267,1375,2403,0.57,45.83,45.83,310,2.06
1.49PM,18,10.5,3,3,3,1,189,975,1701,0.57,54.21,108.42,480,0.722
1.17PM,42,7.5,3,3,3.5,NIL,421,2050,3182,0.64,48.8,97.6,280,4.48
1.50PM,24,12.5,3.5,3,3,1,309,1800,3244.5,0.55,75,150,365,1.15
1.20PM,18,3,3,2.5,2.5,NIL,54,75,405,0.31,7,7,330,0.516
1.20PM,28,3,3,2.5,2.5,NIL,78,150,585,0.26,5.8,5.8,305,0.516
1.55PM,59,14.5,3.5,3,3,1,873.17,5025,9168.28,0.54,85.16,85.16,270,1.26
1.50PM,54,15,4.2,3.2,3,1,810,6000,10886.4,0.55,111.11,122.22,340,3.45
1.20PM,45,12,3,2.8,3,1.5,,2575,4650,0.55,57.22,114.44,,
1.10PM,28,12,3.5,3,3,1,432,3528,3528,0.49,62.5,125,390,1.23
1.10PM,34,5.5,3,3,3,NIL,156,666,1404,0.47,19.6,19.6,255,2.04
1.19PM,94,6,3,3,3,NIL,564,2450,5076,0.48,26.06,26.06,410,1.02
1.48PM,32,8.5,3.5,3,3,1,297.6,1800,3124.8,0.57,56.25,112.5,365,0.669
1.22PM,30,15,3.5,3.2,3,1,450,2775,5040,0.55,92.5,92.5,420,0.992
1.40PM,51,15,3.5,3.2,3,1,765,4700,8568,0.55,92.16,92.16,460,0.135
1.33PM,44,5.5,3.2,2.8,3,NIL,174,800,1559,0.56,18.18,36.36,460,0.135
1.20PM,22,13,3,3,3.5,1,286,1150,2574,0.44,52.27,104.54,,
1.38 PM,30,9,3,3,3.3,1,274,1069,2466,0.43,42.66,85.32,370,0.699
1.28PM,23,4.5,3,3,3,NIL,108,325,972,0.33,14.13,14.13,295,0.818
1.33PM,30,12,4.2,3.2,3,1.2,360,1650,4838.4,0.34,55,110,370,2.18
1.30PM,28,4,3,2.5,1.8,NIL,111.5,341.68,836.25,0.41,12.2,24.4,290,0.738
1.15PM,68,8,3.2,3,3,NIL,532,2150,5107.2,0.42,31.61,55.61,430,0.738
1.11PM,63,7.5,3.8,3,3,NIL,471,1775,5369,0.33,28.17,56.34,360,1.14
1.13PM,29,12,4.2,3.2,3,1.5,316,1650,4247,0.38,56.89,56.89,270,1.15
1.13PM,41,12.5,4,3.5,3,1.2,517,3000,7238,0.41,73.17,146.34,365,1.15
1.09PM,31,5,3,3,2.5,NIL,155,575,1395,0.41,18.54,18.54,265,2.29
1.11PM,34,8,3,3,3,NIL,272,1408.32,2448,0.57,41.42,41.42,270,1.9
1.29PM,63,6.5,3.2,2.8,3,NIL,409.5,1725,3669.12,0.47,27.38,27.38,415,0.714
1.16PM,28,12,4.2,3.2,3,1,336,2250,4515.84,0.49,80.35,160.71,434,0.714
1.10PM,34,5,3,3,3,NIL,170,567.12,1530,0.37,16.68,33.36,278,0.945
1.8PM,20,7,3,3,3,NIL,140,667.2,1260,0.52,33.36,66.72,285,0.706
1.46PM,30,10,3.5,3,3,1,300,1600,3150,0.51,53.33,53.33,315,2.15
1.45PM,49,5.25,3.2,2.8,3,NIL,408,1200,2634.24,0.45,24.49,24.49,385,1.26
1.42PM,34,6,3,3,3,NIL,204,950,1836,0.51,27.94,27.94,235,2.06
1.15PM,34,5.5,3,3,3,NIL,182,658.32,1638,0.41,19.36,19.36,310,1.55
1.22PM,33,6.5,3.5,2.8,3,NIL,469.5,950,2263,0.41,28.78,28.78,260,0.897
1.44PM,53,12,3,3,3,1,636,3050,5724,0.53,57.54,115.09,287,2.36
1.10 PM,31,6,3.5,3,3,NIL,180,775,1890,0.41,25,50,430,1.65
1.17 PM,73,8.22,4,3,3,NIL,598.6,3750,7183,0.52,51.36,102.73,370,1.9
1.13 PM,36,4.25,3.4,2.7,2.5,NIL,151,500,1388.01,0.39,13.88,13.88,410,1.26
1.12 PM,36,4,3,3,2.5,NIL,144,625,1296,0.48,17.36,17.36,250,2.04
1.14 PM,34,5,3,3,2.5,NIL,170,750,1530,0.49,22.05,22.05,310,4.48
1.03 PM,24,7,3,3,3,NIL,168,800,1512,0.52,33.33,33.33,310,4.48
1.25PM,58,4.35,3,3,3,NIL,356,1850,3115,0.59,31.89,63.79,390,2.75
1.30PM,33,15,3.5,3.2,3,1,495,3350,5544,0.6,101.5,203,380,3.56
1.13PM,40,6,3.2,2.8,3,NIL,240,900,2150.4,0.42,22.5,45,350,3.56
1.26PM,50,10,3.5,3,3,1,500,2250,5250,0.42,45.1,90.2,510,1.47
1.26 PM,30,14.5,4,3,3,1,188.5,1125,2262,0.49,85.53,173.07,310,1.52
1.07PM,21,4,3,3,2.5,NIL,84,300,756,0.39,14.28,28.56,400,1.09
1.25PM,15,6,3.2,2.8,3,NIL,90,375,806.4,0.47,25,50,390,0.88
1.04PM,11,4,3,3,2.5,NIL,44,175,396,0.44,15.9,15.9,340,1.45
1.06PM,31,7,3,3,3,NIL,217,1075,1953,0.55,34.67,34.67,330,1.45
1.28PM,51,7.5,3.2,2.8,3,NIL,382.48,1725,3427,0.5,33.8,67.6,220,1.8
1.10PM,28,7.75,4,3,3,NIL,215.6,1275,2587.2,0.41,45.53,91.01,430,1.39
1.10PM,87,4,3.5,2.7,2.5,NIL,348,1100,3288.6,0.33,12.64,25.28,450,1.39
1.20PM,25,15,3.5,3,3,1.5,375,1750,3937.5,0.44,70,140,390,0.76
1.24PM,30,12,3.2,2.8,3,1,360,1950,3225.6,0.6,65,130,365,2.16
1.20PM,63,3.5,2.8,2.6,2.5,NIL,220.5,350,1605.24,0.22,5.56,11.12,370,2.29
1.08PM,25,7,3,3,3,NIL,210,900,4575,0.57,36,36,310,3.29
1.08PM,30,4.5,3,3,2.5,NIL,120,425,1080,0.39,14.16,28.32,250,4.36
1.14PM,71,10.5,3,3,3,1,714,3750,6426,0.58,52.81,105.62,470,1.6
1.09PM,15,8,3.5,3,3,NIL,136,625,1260,0.49,41.66,83.4,320,1.02
1.13PM,28,4,3,3,3,NIL,112,350,954,0.36,12.5,25,340,1.9
1.15PM,40,9,3,3,3,1,370,2000,3330,0.6,50,100,410,1.1
1.21PM,26,8.5,3.2,2.8,3,1,233.5,1150,2092.16,0.55,44.23,44.23,420,1.52
1.16PM,8,15,3.5,3,3,1.5,300,650,1260,0.51,81.25,162.5,350,1.02
1.01PM,24,7,3,3,3,NIL,168,800,1512,0.52,33.33,33.33,420,1.7
1.24PM,36,8,4,3,3,NIL,288,1325,2456,0.38,36.8,73.11,370,1.4
1.37PM,65,7.5,3,3,3,NIL,496,2675,4469,0.59,41.15,82.3,245,1.02
1.55PM,15,5,3,3,3,NIL,75,150,675,0.22,10,20,384,0.63
1.50PM,30,10,3.2,2.8,3,1,300,1750,2688,0.65,58.33,58.33,370,1.91
1.39PM,70,15,3.5,3.2,2.5,1,1050,6150,11760,0.52,87.86,87.86,380,3.18
1.38PM,26,4.5,3,3,2.5,NIL,117,325,1053,0.3,12.5,25,290,2.16
1.10PM,37,8,3,3,3.5,NIL,296,1450,2664,0.54,38.92,77.84,510,0.7
1.03PM,20,5,3,3,3.5,NIL,100,350,900,0.38,17.5,17.5,370,0.8
1.21PM,48,11,4,3,3,1,528,3000,6336,0.47,62.5,125,360,1.65
1.13PM,28,10,3.5,3,3,1,280,1425,2940,0.48,50.89,101.78,360,2.41
5.12PM,32,9,3.5,3,3.5,NIL,297,1525,3024,0.5,47.65,95.31,360,1.4
5.18PM,40,6,3.2,2.8,3,NIL,240,1125,2150.4,0.52,28.13,28.13,340,1.27
5.21PM,20,6,3.5,3,3,NIL,120,500,1260,0.39,25,25,280,5.36
5.03PM,31,7,3.5,3,3,NIL,217,1100,2278,0.48,35.48,35.48,310,5.36
5.05PM,52,3.5,3,3,2,NIL,182,515,1638,0.35,11.05,22.1,400,0.67
1.03PM,75,12.5,2.8,3,3,1,926,4600,7778.4,0.59,61.33,122.66,540,1.96
1.33PM,77,13.5,3.5,3,3,1,1095,4125,11497.5,0.36,53.57,53.57,490,0.77
1.14PM,43,10,3,3,3,1.5,460,125,4140,0.51,49.41,98.83,550,0.516
1.12PM,45,4,3,3,2.5,NIL,180,500,1620,0.3,11.11,22.22,450,1.82
1.20PM,17,5.5,2.5,3,2.5,NIL,93.5,425,981.75,0.43,25,30,380,NA
1.59PM,280,12,4,3,3,1,3360,19000,40320,0.47,67.85,135.7,740,4.6
1.19PM,37,4.5,3.5,3,2.5,NIL,173.9,500,1748,0.28,13.51,27.02,280,3.83
1.20PM,38,4.5,3.5,3,3,NIL,171,500,1795,0.27,13.15,26.31,240,1.94
1.06PM,37,5.5,3,3,2.5,NIL,203,875,1831.5,0.47,23.64,47.29,480,NA
1.07PM,45,8,3,3,3,NIL,360,2000,3240,0.61,44.44,88.88,390,1.52
1.10PM,170,9,3.5,3,3,1,1482,8552.76,15561,0.55,50.31,50.31,450,1.56
1.10PM,97,6,3.2,2.8,3,NIL,582,2150,5214.72,0.41,22.16,44.32,380,1.28
1.13PM,60,9,3.5,3,3,NIL,360,2425,5670,0.42,40.41,80.83,410,3.87
1.14PM,36,8,3.5,3,3,NIL,288,1500,3024,0.49,41.66,41.44,220,9.39
1.16PM,25,8,3.5,3,3,NIL,200,825,2100,0.39,33,33,210,9.09
1.16PM,40,4.5,3,3,2.5,NIL,180,500,1620,0.3,12.5,12.5,220,14.8
1.13PM,42,4.25,3,3,2.5,NIL,176.6,300,1323,0.15,7.14,14.28,250,3.6
1.10PM,40,4,3,3,2.5,NIL,160,625,1400,0.43,15.62,31.25,260,7.85
1.03PM,28,5,3.3,2.8,2.5,NIL,140,625,1293.6,0.48,22.32,22.32,310,3.36
5.26PM,62,14,3.2,3,3,1,785,5275,7536,0.68,83.47,83.47,370,1.14
1.02PM,49,6,3,3,3,NIL,295,1075,2655,0.4,21.93,43.87,390,1.9
1.10PM,44,15,4.3,3.2,3,1,660,4125,9081.6,0.45,93.74,187.5,430,2.23
1.12PM,43,5,3,3,2.5,NIL,215,875,1935,0.45,20.34,20.34,360,2.36
1.13PM,36,15,3.5,3,3,1,540,3500,5670,0.62,97.22,97.22,440,0.929
1.33PM,75,8,3.2,2.8,3,NIL,600,2400,5376,0.45,32,32,360,3.5
1.13PM,9,8,1.25,1,2.5,NIL,72,100,90,1.11,11.11,22.22,400,3.15
1.22PM,36,15,3,3,3,1,540,3000,4860,0.61,83.4,166.8,390,1.87
1.18PM,33,6,3,3,3,NIL,198,450,1782,0.25,13.64,27.28,380,2.58
1.17PM,40,5.75,3.3,2.7,2.5,NIL,232,900,2067.12,0.43,22.5,22.5,350,1.15
1.18PM,33,15,4,3.5,3,1,495,2545,6930,0.36,77.12,145.24,370,2.83
1.34PM,68,13,3.5,3,3,1,894,5100,9387,0.54,75,150,200,12.3
1.17PM,72,5.5,3,2.8,3,NIL,396,1375,3326.4,0.41,19.09,38.18,280,5.56
1.46PM,5,8,2.5,2,3,NIL,40,75,200,0.38,15,30,325,NA
1.15PM,27,8,3,3,3,NIL,216,1150,1944,0.59,42.59,42.59,280,5.15
1.19PM,76,5.75,3,2.8,3,NIL,460,2000,3864,0.51,26.31,66.72,250,5.6
1.18PM,33,3.75,3,2.7,2.5,NIL,1015.74,275,0.27,8.33,16.66,16.66,250,0.849
1.08PM,30,9.25,3,3,3,NIL,156,450,1350,0.33,20,40,290,2.04
1.16PM,27,9.5,3.5,3,2.5,1,246,1270,2583,0.49,47.22,94.44,340,2.6
1.13PM,44,6,3,3,2.3,NIL,264,1275,2376,0.53,28.97,28.97,290,4.31
1.16PM,52,6,3,3,2.5,NIL,312,1100,2808,0.39,21.15,21.15,300,1.9
1.07PM,52,8,3.2,2.8,3,NIL,416,1500,3727.36,0.4,28.85,57.7,370,2.5
1.06PM,27,15,3.5,3,3,1,405,2275,4252.5,0.53,84.26,168.52,390,2.61
1.00PM,40,15,3.5,3,3,1,600,3150,6300,0.5,78.75,157.5,320,4.69
1.53PM,30,4.25,3,2.5,3,NIL,165,700,1225.5,0.57,23.33,46.66,280,3.68
1.01PM,21,15,4,3.5,3,1,315,1506.25,4410,0.34,71.72,143.45,320,2.37
1.40PM,50,15,3.5,3,3,1,750,4600,7875,0.58,92,184,360,2.09
1.26PM,64,4.5,3.2,2.8,3,NIL,306.67,1150,2747.76,0.42,17.96,35.92,410,2.1
1.20PM,10,5.5,4,3.5,3,NIL,55,225,770,0.29,22.24,44.48,340, NA
1.12PM,41,10,3,3,3,1,410,1625,3690,0.44,39.63,79.26,290,1.37
1.08PM,22,15,3.5,3,3,1.5,330,1625,3465,0.46,73.86,147.7,350,0.659
1.05PM,75,5.5,3.2,2.8,3,NIL,415,1350,3718.4,0.36,18,36,380,2.53
1.10PM,35,7,3.2,2.8,3,NIL,245,1250,2195.2,0.57,35.7,71.4,310,0.75
1.10PM,9,8,3,2.5,3,NIL,72,75,540,0.14,8.33,8.33,330,0.75
1.05PM,20,6,3.5,3,3,1.5,188,1025,1974,0.51,51.25,102.5,320,3.18
1.03PM,36,8,3,3,3,NIL,288,1500,2592,0.57,41.66,41.66,360,3.07
1.05PM,27,15,4.2,3,3,1,405,2250,5103,0.44,83.33,166.66,350,3.52
1.14PM,63,14.5,3,3,3,1,913.5,5150,821.5,0.62,81.07,163.49,430,4.19
1.04PM,48,8.5,3,2.8,3,1,416,1925,3500,0.55,40.1,80.2,340,2.5
1:14PM,18,15,3.5,3,3,1,270,1125,2835,0.4,62.5,125,370,1.65
1:14PM,60,8,3.2,2.8,3,NIL,480,1750,4300.8,0.41,29.17,58.34,390,1.65
1:22PM,51,15,4,3,3,1,765,4550,9180,0.49,89.21,178.42,380,2.41
1:25PM,40,5,3,2.5,3,NIL,200,900,1500,0.6,22.5,22.5,350,2.41
1:28PM,34,12.5,3.5,3,3,1,394,1900,4137,0.46,55.88,55.88,410,2.16
1:24PM,8,15,3.8,3,3,1,120,725,1368,0.52,90.62,90.62,310,9.65
1.24PM,28,12,4,3,3,1.5,336,1900,4032,0.47,67.85,135.71,330,9.65
1:10PM,35,7,3,3,3,NIL,245,1100,2205,0.49,31.42,31.42,340,1.69
1:59PM,75,9,3.2,2.8,3,NIL,675,2800,6048,0.46,37.33,37.33,420,2.42
1:25PM,31,11,3,3,3,1.5,341,1725,3069,0.56,55.6,111.3,390,3.48
1:21PM,32,7,3,3,2.5,NIL,224,1225,2016,0.6,38.28,76.56,370,2.41
1:10PM,45,6,3,3,2.5,NIL,270,1075,2430,0.44,23.88,23.88,310,1.88
1:20PM,51,11,3.3,3,3,1,455,2425,4505,0.53,59.14,118.29,290,8.17
1.30PM,9,8,2,2,3,NIL,72,325,288,1.13,36.11,36.11,360,NA
"1,25PM",41,10.5,3.5,3,3,1,414,2000,4347,0.46,48.78,48.78,345,1.37
1.33PM,35,8,3,3,3,NIL,280,1500,2520,0.59,41.7,41.7,370,1.48
1.35PM,44,9.5,2.5,3,3,1.5,434,1600,3135,0.51,36.36,72.72,320,1.94
1.49PM,33,10,3,3,3,1,310,1500,2970,0.5,46.96,93.93,330,1.93
1.48PM,80,15,4.2,3.2,3,1,1200,7575,16128,0.46,96.68,189.3,310,5.75
1.30PM,24,1.39,3,3,2.76,NIL,63,33.46,567,0.057,1.39,2.78,305,NA
1.18PM,50,9,3.5,3,3,1,450,2050,4725,0.43,41,82,440,NA
1:11PM,40,9,3.5,3,3,1,360,1350,3780,0.35,33.77,33.77,260,6.18
1:16PM,39,10,4,3,3,1,390,1875,4680,0.4,48.07,96.15,370,1.71
1:19PM,32,7,3.5,3,3,NIL,224,750,2352,0.31,23.43,46.87,320,0.84
1:14PM,35,9,3.5,3,3,NIL,315,1350,3307.5,0.4,40,40,290,4.68
1:15PM,50,9,3.3,3,3,NIL,450,2125,4725,0.44,42.5,85,380,1.36
1:24PM,11,8,3,3,3,NIL,88,300,792,0.37,27.27,54.54,290,0.91
1:09PM,60,10.5,4,3.2,3,1.5,630,3500,8064,0.43,58.33,116.66,340,1.12
1:19PM,50,10,4,3,3,1.5,500,2625,6000,0.43,52.5,105,320,1.71
1:27PM,70,15,4,3,3,1.5,1050,5325,12600,0.52,76.07,152.14,330,9.52
1:17PM,40,6,3.5,3,3,NIL,240,1100,2520,0.43,27.5,27.5,310,2.82
1:29PM,68,15,4.2,3.2,3,1,1020,5400,13708,0.39,79.41,158.82,370,2.47
1:18PM,27,10,3.5,3,3,1.5,270,1300,2835,0.45,48.14,96.29,390,0.59
1:24PM,27,10,3.5,3,3,1.5,270,1275.75,2835,0.45,48.14,96.29,320,1.04
1:16PM,91,10,3.5,3,3,1,910,4350,9555,0.45,47.8,47.8,480,1.21
1:22PM,43,4,3.2,2.8,2.5,NIL,172,450,1541.12,0.3,10.46,10.46,330,1.36
1:09PM,30,10,3.5,3,3,1.5,300,1275,3150,0.4,42.5,85,410,3.63
1:18PM,33,8,3.5,3,3,NIL,264,1400,2772,0.5,42.42,42.42,360,1.25
1:42PM,230,15,3.5,3,2.5,1,3450,20750,36225,0.57,90.22,180.44,390,5.04
1:38PM,24,10,3.5,3,3,NIL,240,1550,2520,0.59,62.5,62.5,460,0.73
1:40PM,36,6,3,3,3,NIL,216,875,1944,0.45,24.3,24.3,270,2.07
1:16PM,25,15,3.5,3,3,1.5,375,1700,3937.5,0.43,68,136,400,0.73
1:41PM,51,10,4,3,3,1,510,3100,6120,0.51,60.78,121.56,390,1.1
1:27PM,24,15,3.5,3,3,1.5,360,1600,3780,0.42,66.66,133.33,390,0.94
1:19PM,63,15,4.2,3.2,3,1,945,4575,12700.8,0.36,72.61,145.23,430,2.03
1:20PM,56,15,2.7,2.5,3,1,840,5350,5670,0.94,95.53,191.07,360,2.67
1:21PM,42,7,3,3,3,NIL,294,1175,2646,0.44,27.97,27.97,290,2.16
1:16PM,40,14,4,3,3,1,560,3675,6720,0.54,90.87,183.75,400,2.16
1:24PM,44,7,3,3,3,NIL,308,1250,2772,0.45,28.4,28.4,NA,NA
1:12PM,90,9,3.5,3,3,NIL,810,5000,8505,0.59,55.55,55.55,360,3.56
1:22PM,7,4,3,3,2.5,NIL,28,100,252,0.39,14.28,14.28,360,NA
1:12PM,40,9,3.5,3,3,NIL,360,2250,3780,0.59,56.25,56.25,350,3.56
1:04PM,40,6,3.5,3,2.5,NIL,240,1267.6,2520,0.5,31.69,63.38,420,0.508
1.07PM,35,12,3.5,3,3,1.5,420,2325,4410,0.52,66.42,132.85,300,4.32
1.04PM,35,5,2.5,2,3,NIL,175,750,875,0.85,21.43,21.43,320,1.14
5.02PM,75,6.5,2.3,1.9,3,NIL,487.4,1975,2130,0.92,26.3,52.6,340,1.52
1.14PM,52,5,3,3,2.5,NIL,312,1361.12,2664,0.51,26.17,26.17,320,3.18
1.22PM,33,10.5,2.5,1.8,3,1,352,2000,1584,1.26,60.6,60.6,320,0.762
1.15PM,48,10.5,3.5,3,3,1,504,3000,5292,0.56,62.5,125,325,1.02
1:19PM,20,10.25,3.5,3,2.8,1,205,500,2152.5,0.23,25,50,315,0.762
1.47PM,115,4.75,2.8,2.5,3,NIL,540,2125,3780,0.56,18.48,18.48,330,1.07
1.19PM,15,5,2.5,2,3,NIL,75,250,375,0.61,15.33,15.33,380,0.579
1.08PM,32,8.5,3.5,3,3,NIL,272,1775,2856,0.62,55.46,55.46,320,1.65
1.20PM,45,10.25,3.5,3,3,1,437,2500,4843,0.51,55.55,55.55,320,3.31
1.39PM,41,12.5,3,2.5,3,1,512,2250,3843,0.58,54.87,109,320,1.4
1.14PM,45,13,3.5,3.2,3,1,699,3250,6708,0.48,72.22,144.44,325,3.99
1.12PM,60,8.5,3,3,3,1,510,2125,4590,0.51,35.41,70.82,280,9.56
1.15PM,20,4,3,3,2.5,NIL,80,275,720,0.38,13.75,13.75,300,4.02
1.21PM,40,13,3.2,2.8,3,1,520,2425,4659.2,0.52,60.62,60.62,250,12
1.15PM,39,4.4,3,2.5,2.5,NIL,171,500,1287,0.38,12.82,12.82,400,0.452
1.17PM,80,10,3.2,2.8,3,1,800,3875,3875,0.54,48.43,48.43,380,2.07
1.18PM,14,8,3,2.5,3,NIL,550,550,840,0.65,39.28,39.28,475,0.675
1.19PM,73,7,3,2.5,3,NIL,483,2500,3832,0.65,34.24,34.24,400,0.5
1.14PM,29,8.5,3,2.6,3,NIL,246,1025,1922,0.53,35.34,35.34,410,0.627
1.15PM,44,8,3,2.5,2.3,NIL,374,1700,2805,0.6,38.63,38.63,410,2.17
1.32PM,74,5,3,3,3,NIL,370,1125,3330,0.33,15.2,15.2,420,0.945
1.31PM,46,9.5,3,3.5,3,1,460,2475,4830,0.51,53.8,107.6,390,1.82
1.16PM,18,5.75,3.8,2.7,3,NIL,108,500,1108.8,0.45,27.77,27.77,350,3.2
1.11PM,40,10.5,3,3,3,1,420,2125,3780,0.56,53.12,53.12,405,0.627
1.27PM,19,5,3,3,3,NIL,95,127.72,855,0.15,6.73,13.45,390,0.738
1.01PM,58,9.5,3.5,3,3,1,565,3278,5932,0.55,56.51,113.03,375,0.833
1.02PM,70,10.5,3.2,2.8,2.5,1,770,4675,6899.2,0.67,66.78,66.78,420,0.675
1.06PM,37,15,3.5,3,3,1.5,555,2700,5827,0.46,72.97,145.94,380,1.01
1.08PM,30,14.5,3.5,3,3,1.5,420,2100,4567.5,0.45,70,140,350,1.4
1.16PM,26,10,3.5,3,3,1.5,260,1375,2730,0.5,52.88,105.7,390,0.754
1.15PM,36,10,3,3,3,1.5,360,1575,3240,0.48,43.75,87.5,360,1.6
1.17PM,47,6,2.8,2.5,3,NIL,314.5,1250,2201.5,0.57,26.6,26.6,340,2.58
1.15PM,26,6,3,2.5,3,NIL,156,725,1170,0.61,25,50,340,1.28
1.20PM,9,10,1.5,1.5,3,1,90,325,202,1.6,36.11,36.11,350,NA
5.25PM,27,10,3.2,2.5,3,1,270,1425,2160,0.65,52.78,52.78,390,1.1
1.23PM,33,15,3.5,3,3,1.5,495,2975,5197.5,0.57,90.15,180.3,340,2.42
1.26PM,53,7,3,3,3,NIL,371,1825,3339,0.54,34.43,68.86,380,2.55
1.04PM,48,10.5,4,3,3,1.5,504,3367,6048,0.55,70.14,140.29,395,4.06
1.04PM,48,10.5,4,3,3,1.5,504,3367,6048,0.55,70.14,140.29,395,4.06
1.20PM,29,8.5,3,3,3,1,246.5,1225,2218,0.55,42.24,42.24,350,3.43
1.21PM,32,7,3,3,3,NIL,224,1050,2016,0.52,32.18,32.18,340,2.79
1.30PM,135,15,4,3,3,1,2025,11350,24300,0.46,84.07,84.07,310,9.82
1.12PM,40,15,3,3,3,1.5,600,3050,5400,0.56,76.35,152.5,320,3.44
1.23PM,20,12.5,3.5,3,3,1.5,256,1500,2730,0.54,75,150,380,2.16
1.18PM,56,5.25,3,2.8,3,NIL,293,1000,2461.2,0.41,17.86,35.72,410,2.48
1.18PM,54,5,3,2.8,3,NIL,270,1000,2268,0.44,18.52,37.04,410,2.48
1.19PM,66,"13,14",3.5,3,3,1,891,5250,9355.5,0.56,79.54,159.09,390,0.627
1.14PM,81,"4,5,6,7",3,2.5,2.5,NIL,463,1875,3472.5,0.53,23.14,46.28,360,1.94
1.02PM,27,11,3.5,3,3,1.5,297,1675,3118.5,0.53,62.03,124.07,390,3.02
1.09PM,33,7,3,3,3,NIL,231,1009,2079,0.48,30.58,30.58,360,3.29
1.13PM,26,7,3,3,3,NIL,182,1025,1638,0.62,39.4,78.84,380,1.17
1.17PM,30,6,3,3,3,NIL,180,750,1620,0.46,25,25,350,1.52
1.11PM,92,8,3.2,2.8,3,NIL,736,3050,6594.56,0.46,33.15,66.3,320,2.06
1.15PM,63,15,4,3,3,1,945,5000,11340,0.44,79.36,158.72,380,1.87
1.13PM,25,4,3,2.5,2.5,NIL,100,275,750,0.37,11.12,22.24,410,1.42
1.08PM,74,"10,10.5",4,3,3,1,758.5,4500,9102,0.49,60.81,121.62,380,2.03
1.17PM,120,10,4,3,3,1,1200,5175,14400,0.35,43.125,43.125,360,2.03
1.20PM,46,"6,8",3.3,2.8,3,NIL,`336,1625,3104,0.52,35.32,70.65,380,1.52
1.15PM,45,"6,8",3,3,3,NIL,286,1275,2835,0.44,28.33,28.33,350,1.1
1.08PM,18,5.5,3,3,2.5,NIL,99,400,891,0.44,22.22,22.22,340,0.786
1.18PM,35,8.5,3,3,3,1,297.5,1450,2677.5,0.54,41.42,82.84,350,0.818
1.19PM,92,"4,4.5,5.5,6",3,2.8,3,NIL,465,1700,3906,0.43,18.47,18.47,360,0.96
1.22PM,46,13,3,3,3,1,598,2750,5382,0.51,59.78,119.5,360,1.74
5.41PM,74,"10,12",3.5,3,3,1,810,2750,8505,0.32,37.16,74.32,340,2.39
1.25PM,51,6 to 11,3.3,3,3,1,462,2700,4851,0.55,52.92,105.88,330,1.01
5.40PM,100,"7,10,13",3.5,3,3,1,982,5275,10311,0.51,52.75,105.5,350,3.37
1.17PM,35,11,3,3,3,1.5,385,1950,3465,0.56,55.71,111.42,380,0.77
1.21PM,37,12,4,3,3,1,444,2275,5328,0.42,61.48,122.96,430,0.706
1.11PM,32,9,3,2.5,3,1.5,288,1200,2160,0.55,37.5,75,390,1.53
1.11PM,40,4.5,3,2.5,2.8,NIL,180,625,1350,0.46,15.62,31.24,390,2.69
1.17PM,75,"4,5,7.5,9,12",3.2,2.8,3,NIL,535,2200,4793.6,0.45,29.33,29.33,430,0.96
1.12PM,33,"10,11",3,3,3,1,352,1950,3168,0.61,59.09,118.18,320,2.09
1.10PM,32,6,3,3,3,NIL,192,900,1728,0.52,28.12,28.12,380,1.93
1.11PM,14,"7,8",1,0.9,3,NIL,105,168.98,94.5,1.79,12.07,24.14,280,1.23
1.11PM,20,4,3,3,3,NIL,80,166.8,720,0.23,8.34,16.68,280,1.23
1.13PM,48,15,3.5,3,3,1,720,3570,7560,0.49,78.13,156.26,380,2.85
1.10PM,24,6,3.2,2.8,3,NIL,144,675,1290.24,0.52,28.105,56.25,370,1.09
1.10PM,58,"6,8,9,11,13",3.5,3,3,1,572,2800,5985,0.46,48.27,96.54,370,1.09
1.05PM,45,8.5,3,3,3,1,382.5,1875,3442.5,0.54,41.6,41.6,300,2.07
1.17PM,46,15,3.25,3,3,1.5,690,3580,6727.5,0.53,77.84,155.68,300,1.94
1.09PM,41,10.5,3,3,3,1.5,462,2050,3874,0.52,50.4,100.8,355,2.2
1`.07PM,49,8,3.5,3,3,1,392,1925,4116,0.47,39.29,78.57,350,1.63
1.11PM,59,"12,14",3.6,3.2,3,1,768,3675,8847.36,0.41,62.29,62.29,350,2.55
1.08PM,40,7,3,3,3.5,NIL,280,1250,2520,0.49,31.25,62.5,280,3.45
1.34PM,20,10,3,3,3,NIL,200,1080,1800,0.6,54,108,390,0.722
1.28PM,50,"4,5,6",3,3,3,NIL,260,1135,2340,0.48,22.07,45.4,429,0.548
1.17PM,24,8.5,3,3,3,NIL,204,900,1836,0.48,37.5,37.5,280,3.69
1.35PM,32,"6,7,9",3,3,3,NIL,221,1200,2016,0.59,37.5,75,380,0.786
1.19PM,150,"10,13",3.2,2.8,2.5,NIL,1767,7825,15832.32,0.49,52.16,104.32,380,5.97
1.16PM,56,15,3.2,3.2,3,1,840,5500,11289,0.48,98.21,196.4,340,4.83
1.03PM,44,6,3,3,3,NIL,264,1200,2376,0.5,25.02,25.02,360,1.14
108PM,41,7,3,3,3,NIL,287,1375,2583,0.53,33.54,33.54,350,1.52
1.09PM,32,12,3,3,3,1.5,384,1872,3456,0.54,58.506,116.012,350,1.65
1.06PM,45,14,3.5,3,3.5,1,630,3675,6615,0.5,81.66,163.32,410,2.29
1.11PM,44,4,3.5,3,3,NIL,176,325,1848,0.17,7.38,14.77,320,1.4
1.04PM,94,2,3,2.5,1.7,NIL,188,261.32,1410,0.18,2.78,5.56,309,0.5
1.06PM,40,15,3.5,3,3,1,600,3336,6300,0.52,83.4,166.8,410,1.78
1.26PM,93,"8,10,12",3.5,3,2.5,1,953,5625,10006.5,0.56,60.48,120.96,450,3.43
5.18PM,58,15,3.5,3,3,1,870,5500,9135,0.6,94.82,189.64,390,1.65
1.13PM,23,4,3,3,3,NIL,92,375,828,0.45,16.3,32.6,390,1.02
1.07PM,30,8.5 to 9,3,3,3.5,1,262.5,1400,2362.5,0.59,46.66,46.66,460,0.76
1.12PM,30,"6,9",3.5,3,3,NIL,222,950,2331,0.4,31.66,63.33,380,2.54
1.22PM,24,"7,12,13",3.5,3,3,1.5,281,1450,2950.5,0.49,60.41,120.82,380,1.27
1.53PM,115,15,3.6,3.2,2.5,1,1725,9475,19872,0.47,82.39,164.78,280,7.24
1.32PM,44,6,3,3,3,NIL,264,1111.12,2376,0.46,25.25,25.25,380,0.889
1.35PM,9,9,3,2.5,3,1,81,325,607.5,0.53,36.11,72.22,430,NA
1.37PM,28,10,3,3,3,1,280,1400,2520,0.55,50.04,100.08,410,0.762
1.42PM,50,"5,8",3,3,3,NIL,370,1350,3330,0.4,27,54,250,6.6
1.09PM,50,15,3.6,3.2,2.5,1,750,4500,8640,0.52,90,90,390,1.36
1.04PM,30,5,3,3,3,NIL,150,575,1350,0.42,19.16,38.33,430,1.42
1.02PM,18,8.5-9,3,3,3.5,NIL,157.5,875,1417.5,0.61,48.61,48.61,340,3.21
1.07PM,66,"5,6,7,8,9",3.5,3,3,NIL,490,2567,5145,0.49,38.89,77.78,440,0.929
1.06PM,64,15,4,3,3,1,960,4800,11520,0.41,75,150,390,4.06
12.50PM,40,6,4,3,3,NIL,240,1000,2880,0.34,25.02,25.02,380,2.29
1.06PM,35,3,3,2.8,2.5,NIL,105,150,882,0.17,4.28,8.56,340,1.02
1.06PM,20,3,3,2.8,2.5,NIL,60,50,504,0.09,2.5,5,340,1.02
1.15PM,15,15,3.5,3,4,1.5,225,1208.34,2362.5,0.51,80.55,80.55,NA,NA
1.03PM,35,8.5,4,3,3,NIL,297.5,1225,3570,0.34,35,70,360,1.83
1.11PM,9,15,3.5,3,3,1,135,625,1417.5,0.44,69.44,69.44,430,0.913
1.09PM,79,"11,12,14",4,3,3.5,1,972.94,4100,11675.36,0.35,51.89,103.79,480,0.119
1.11PM,68,15,4.2,3.2,3,1.5,1020,4271.22,13708.8,0.311,62.82,125.61,260,8.49
1.08PM,22,15,3.8,3.3,3,1,345,1500,4138.2,0.36,68.1,136.36,290,2.67
1.10PM,15,8,3.5,3,3,1,144,575,1260,0.41,38.33,76.66,300,2.16
1.39PM,58,15,3.6,3.2,2.5,1,870,5675,10022.4,0.56,97.8,195.6,320,3.64
1.17PM,50,5,3.2,2.8,3,NIL,250,1000,2240,0.44,20,40,230,2.1
1.22PM,90,15,3.6,3.2,2.5,1,1350,7525,15552,0.48,83.61,167.22,280,10.2
1.24PM,59,"3,5,12,15",3.8,3.3,4,1,573,2300,7185.42,0.32,38.98,77.96,380,1.79
1.11PM,20,15,3.5,3,3.5,1.5,480,1275,3150,0.4,63.75,127.5,250,4.06
1.16PM,95,9,3.2,2.8,3,NIL,855,4600,7660.8,0.6,48.42,96.84,360,0.405
1.06PM,20,3,2.5,2,2.5,NIL,60,75,300,0.25,3.75,7.5,420,1.21
1.06PM,40,6,3.2,2.8,3,NIL,240,850,2150.4,0.39,21.25,42.5,420,1.21
1.14PM,17,3.5,3,2.5,2.5,NIL,59.5,100,446.25,0.22,5.88,11.76,390,NA
1.28PM,70,15,3.6,3.2,2.5,1,1050,4925,12096,0.4,70.35,140.7,350,4.19
1.04PM,23,14,3.5,3,3,1,322,1500,3381,0.44,65.21,130.42,380,2.9
1.29PM,66,6,3.5,2.8,3.5,NIL,396,1375,3880,0.35,20.83,20.83,220,1.4
1.32PM,45,4.5,3,3,2.5,NIL,202.5,516.48,1822.5,0.28,11.47,11.47,220,3.34
1.00PM,49,15,4.2,3.2,3,1,735,5000,9878.4,0.5,102.04,204.08,240,6.6
1.01PM,18,15,3.6,3.2,2.5,1,270,1275,3110.4,0.4,70.83,141.66,290,1.29
1.10PM,19,5,3,2.5,2.5,NIL,95,225,712.5,0.31,11.84,23.68,390,NA
5.21PM,39,9,3,3,3,2,351,1409.46,3159,0.44,36.14,36.14,380,3.21
1.14PM,31,9,3,3,3,1,279,1206.52,2511,0.48,38.92,38.92,400,2.79
5.13PM,21,15,3.5,3,3.5,1,315,1750,3307.5,0.52,83.33,166.16,380,0.992
1.16PM,43,15,3.8,3.3,3,1,645,3586.2,8088.3,0.44,83.4,166.8,380,3.3
1.11PM,31,4.5,3,2.8,3,NIL,139.5,350,1171.8,0.29,11.29,11.29,220,2.54
1.15PM,30,6,3,2.8,3,NIL,180,650,1512,0.42,22,44,390,2.41
1.18PM,70,6,3,2.8,3,NIL,420,1525,3528,0.43,21.8,43.6,300,1.25
1.30PM,57,"9,12",3,2.5,3.5,1,600,2725,4500,0.6,47.8,95.6,380,1.1
1.18PM,33,"8,9",3,3,3,NIL,280,1275,2520,0.5,38.63,77.27,390,3.69
1.20PM,28,"9,13,14",3.5,3,3,1,364,1850,3822,0.48,66.07,132.15,490,2.52
1.20PM,70,8,3,2.8,3,NIL,560,2050,4704,0.43,29.3,29.3,380,2.01
1.15PM,19,6,3,3,3,NIL,114,400,2026,0.38,21.05,42.1,340,0.76
1.20PM,62,15,4.1,3.1,3,1,930,5050,11820.3,0.42,81.45,81.45,380,3.29
1.14PM,23,15,3.5,3,3,1,345,1550,3622.5,0.42,67.39,134,440,1.52
1.19PM,39,8,3,3,3,NIL,312,1500,2808,0.53,38.46,38.46,390,1.1
1.14PM,24,15,3.5,3,3,1,360,2000,3780,0.52,83.4,166.8,210,6.22
1.29PM,53,15,3.6,3.5,3,1,795,2375,10017,0.23,45,45,380,2.85
1.20PM,24,9,4,3,3,1,216,975,2592,0.37,40.62,81.25,480,3.43
1.27PM,30,6,3.3,2.8,3,NIL,180,500.4,1663.2,0.3,16.68,33.36,380,2.54
1.02PM,30,8,3,2.8,3,NIL,240,850,2217.6,0.38,28.33,56.66,310,1.34
1.30PM,45,6,3,2.5,3,NIL,270,750,2025,0.37,16.66,33.13,680,NA
1.11PM,115,10,4,3,2.5,1,1150,5980.3,13800,0.45,52,104,280,4.63
1.34PM,80,15,3.5,3,3,1,1200,4300,12600,0.34,53.75,53.75,380,3.23
2.15PM,8,8,3,2.5,3,NIL,64,200,480,0.41,25,25,320,0.516
2.13PM,6,8,3,3,3,NIL,48,150,432,0.34,25,50,360,2.2
1.21PM,28,15,4,3.5,3,1.5,420,2000,5880,0.34,71.42,71.42,340,2.39
1.26PM,36,12,3.8,3.5,3,1.5,516,2275,5745,0.39,52.9,52.9,380,1.39
1.14PM,6,8,3,3,3,NIL,48,125,432,0.29,20.83,41.66,360,0.437
1.13PM,35,6,3,3,2.5,NIL,210,700,1890,0.37,20,40,420,3.14
1.07PM,55,"12,15",3.5,3,3,1.5,663,2750,6961.5,0.59,50,100,340,1.39
1.20PM,6,8,3,3,3,NIL,48,150,432,0.34,25,25,360,NA
1.15PM,53,6,3,2.8,3,NIL,318,1200,2671.2,0.44,22.64,45.28,340,4.79
1.05PM,7,8,3,3,3,NIL,56,200,504,0.39,28.57,57.14,360,NA
1.25PM,6,4,1.5,1.5,3,NIL,24,30,54,0.55,5,10,310,NA
1.20PM,24,6,3.2,2.8,2.5,NIL,144,445,1290.24,0.34,18.54,37.08,420,0.548
1.00PM,45,6,3,2.5,3,NIL,270,925,2025,0.45,20.5,41,320,4.53
1.05PM,3,8,2.5,2,3,NIL,24,100,120,0.8,33.3,33.3,300,NA
1.25PM,8,"8,12",1,1,3,1,90,350,90,3.88,43.75,175,310,NA
1.55PM,11,12,1.5,1.5,3.5,1,148,400,333,1.2,36.4,72.8,340,NA
1.22PM,126,15,4,3,3,1,1890,11550,22680,0.5,91.66,183.33,390,7.14
1.17PM,21,10,3,3,3,NIL,210,1050,1890,0.55,50,100,340,1.15
1:09PM,35,"6,8",3,3,3,NIL,264,1375,2376,0.57,39.2,78.4,290,2.42
1.39PM,50,5,3,2.5,3,NIL,250,950,1875,0.5,19,38,310,3.36
1:40PM,27,"5,7",3,2.5,3,NIL,159,575,1192.5,0.48,21.29,42.58,360,1.83
1:39PM,28,8,3.2,2.8,3,NIL,224,925,2007.04,0.46,33.03,66.06,330,3.36
1:04PM,52,15,3.6,3.2,3,1,780,4975,8985.6,0.55,95.67,191.34,370,9.45
1:02PM,15,14,3.3,2.5,4,1,210,1000,1732.5,0.57,66.66,66.66,200,3.6
1:26PM,19,8,3.2,2.8,3,NIL,152,800,1361.92,0.58,42.1,84.2,320,1.34
1.23PM,65,15,3.5,3.2,3,1,975,5825,10920,0.53,89.6,179.2,410,3.21
1.23PM,54,7,3.2,2.8,3,nil,378,1825,3386.88,0.53,33.7,67.4,385,3.25
1.35PM,6,4,2,2,3,NIL,24,30.58,96,0.31,5.09,20.36,340,NA
1.16PM,26,15,4,3,3,1,390,2219,4680,0.47,85.36,170.72,390,2.79
2.02PM,40,15,3.5,3,3,1,600,3700,6300,0.58,92.5,185,400,1.56
1.39PM,86,7,2.5,2.2,3,NIL,602,2500,3311,0.75,29.06,58.12,360,2.53
1.38PM,12,15,3,3,4,1,180,900,1620,0.55,75,75,123,16.2
1.23PM,8,15,3,3,4,1,120,600,1080,0.55,75,75,123,21.6
1.17PM,30,6,3.2,2.8,3,NIL,180,775,1612.8,0.48,25.83,51.66,380,1.61
1.05PM,30,6,3.5,3,3,NIL,180,675,1890,0.36,22.5,45,390,0.889
1.03PM,15,15,3,3,3.5,1,180,1125,2025,0.55,75,75,330,8.89
1.10PM,26,15,4,3,3,1,390,2325,4680,0.49,89.42,178.84,360,1.65
1.28PM,14,4,3,3,3,NIL,56,116.76,504,0.23,8.34,8.34,330,0.889
1.48PM,46,"6,7",3,2.5,3,NIL,312,1450,2340,0.61,31.52,63.04,480,1.14
1.33PM,42,7,3,2.6,3,NIL,294,1150,2293.2,0.5,27.32,54.76,380,3.3
1.43PM,29,15,3.5,3,3,1,435,1150,4567.5,0.25,39.65,79.3,460,3.94
1.27PM,38,15,3.5,3,3,1,600,2825,6300,0.44,74.34,148.34,480,4.19
1.21PM,28,15,3.5,3,3,1,420,2150,4410,0.48,76.78,153.56,480,3.05
1.20PM,24,15,3,3,3.5,1,360,1811.1,3240,0.55,75.4625,75.4625,410,0.889
1.10PM,32,"13,14,15",3.5,3,3,NIL,457.6,2075,4804.8,0.43,64.84,129.68,480,1.91
1.11PM,43,6,3,2.5,3,NIL,258,900,1935,0.46,20.9,41.8,430,6.22
1.11PM,55,"7,8",3,2.5,3,NIL,410,1575,3075,0.51,28.63,57.26,440,6.22
1.15PM,38,15,3.5,3,3,1,570,3600,5985,0.6,94.73,189.46,520,2.03
1.16PM,62,"15,15.5",3.5,3,3,1,948,5350,9954,0.53,86.29,172.58,510,1.78
1.10PM,6,15,3,3,3,1,90,500,810,0.62,83.4,83.4,620,NA
1.13pm,60,15,3.5,3,3,1,900,4950,9450,0.52,82.5,165,390,3.18
1.08pm,85,7,3,2.5,3,NIL,595,2475,4462.5,0.554621849,29.11764706,58.22,360,1.4
1.21pm,12,5,1.5,1.5,3,NIL,60,175,135,1.296296296,14.58333333,29.16,290,1.02
1.06pm,25,9,3,3,3,NIL,225,1275,2025,0.62962963,51,102,560,1.14
1.15pm,12,14.5,3,3,3,1,174,1000,1566,0.638569604,83.33333333,83.33,330,2.54
1.28pm,26,22,4,3,3,1,572,3750,6864,0.546328671,144.2307692,144.23,420,3.18
1.15pm,83,6.78,3,2.5,3,NIL,562.74,2625,4220.55,0.621956854,31.62650602,NA,NA,NA
1.32pm,64,15,3.5,3,3,1,960,6250,10080,0.620039683,97.65625,195.3,330,4.7
1.35pm,95,14.8947,3.5,3,3,1,1414.9965,9250,14857.46325,0.622582728,97.36842105,194.72,460,5.72
1.08pm,92,5.565,2.75,2.5,3,NIL,511.98,1925,3519.8625,0.546896363,20.92391304,64.5,360,4.32
1.08pm,70,6.5714,3,2.5,3,NIL,459.998,2000,3449.985,0.579712665,28.57142857,57.14,320,4.32
1.16pm,109,7.389,3,2.5,3,NIL,805.401,3750,6040.5075,0.620808765,34.40366972,68.8,300,5.97
1.21pm,46,15,4,3,3,1,690,4350,8280,0.525362319,94.56521739,189.13,320,3.94
1.19pm,85,"7,7.5",3,2.5,3,NIL,625,2875,4687.5,0.61,33.82352941,67.64,340,4.45
1.12pm,43,"12,13,15",3.3,3,3,1,583,3800,5791.5,0.65,88.37,176.74,420,3.3
1.06pm,26,6,3.5,3,3,NIL,156,675,1638,0.412087912,25.96153846,51.92,410,3.81
1.22pm,38,15,4,3,3,1,570,3775,6840,0.55,99.34210526,99.34,280,4.83
1.19pm,37,20,3.4,3.2,3,1,740,5225,8051.2,0.64,141.2162162,282.42,385,5.08
1.13pm,90,"6,6.5,7",3,2.5,3,NIL,600,2600,4500,0.57,28.88888889,57.76,340,3.43
1.04pm,146,"16,18",4,3,3,1,2422,14350,29064,0.49,98.28767123,196.56,400,3.18
1.13pm,36,5,3,2.5,2.5,NIL,180,625,1350,0.46,17.36111111,34.72,430,1.78
1.23pm,37,25,4,3,3,1,925,6500,11100,0.58,175.6756757,175.67,378,4.7
1.20pm,110,7,3,2.5,3,NIL,770,3600,5775,0.62,32.72727273,65.44,370,6.86
1.20pm,11,7,3,2.5,3,NIL,77,375,577.5,0.64,34.09090909,68.18,350,6.86
1.35pm,32,"7,4",3,2.5,3,NIL,167,625,1108,0.56,19.53125,39.06,390,1.14
1.23pm,130,7,3,2.5,3,NIL,910,3675,6825,0.3,28.26923077,56.52,340,7.11
1.15pm,49,6,3,2.5,3,NIL,294,1075,2205,0.48,21.93877551,43.86,360,2.41
5.10pm,56,"6,7,8,9",3.5,3,3,NIL,425,1900,4462,0.42,33.92857143,67.85,460,2.16
1.16pm,70,11,3.2,3,3,NIL,770,3875,7392,0.52,55.35714286,110.7,370,11.3
1.16pm,70,16,3.5,3,3,1,1120,7075,11760,0.6,101.07,202.14,410,4.7
1.23pm,62,7,3,2.5,3,NIL,434,2350,3255,0.72,37.9,75.8,290,8.89
1.11pm,64,"7,8",3,3,2.5,NIL,483,2450,4347,0.56,38.28,76.56,430,1.4
1.40pm,20,4.5,3,2.5,2.5,NIL,90,300,675,0.44,15,30,510,NA
1.05pm,18,16,3,3,3,1,288,1375,2592,0.53,76.38,152.77,320,8.76
1.35pm,33,6,3,2.5,3,nil,198,850,1485,0.57,25.75,51.5,660,NA
1.36PM,58,6,3,2.5,3,NIL,348,1450,2610,0.55,25,50,320,10.5
1.28PM,140,7,3,2.5,3,NIL,980,3800,7350,0.51,27.14,54.28,260,9.78
5.24PM,27,8,3,3,3,NIL,216,1100,1944,0.56,40.74,81.58,280,4.19
1.25PM,25,"13,14",3.5,3,3,1,335,1900,3517,0.54,76,152,360,3.3
1.22PM,47,"8,9",3.5,3,3,1,396,1250,4155,0.3,26.59,53.19,610,1.27
1.24PM,48,5,3.5,3,2.5,NIL,240,875,2520,0.34,18.22,36.45,380,1.4
1.18PM,46,"6,9",3,3,3,NIL,375,1600,3375,0.47,34.78,69.56,410,2.67
1.20PM,59,"5,6,8",3,2.5,3,NIL,389,1625,2917.5,0.55,27.54,55.08,640,1.02
1.21PM,49,"10,11",3.2,2.8,3,NIL,507,2750,4542.72,0.6,56.12,112.24,580,4.06
5.29PM,68,16,4,3,3,1,1088,5300,13056,0.4,77.94,155.88,390,4.57
1.13PM,45,16,4,3,3,1,720,3300,8640,0.38,73.33,146.66,450,2.41
1.08PM,31,15,4,3,3,1,465,2475,5580,0.44,79.83,159.67,580,1.78
1.27PM,98,8,3,3,3,NIL,784,2500,7056,0.35,25.51,51.02,280,7.87
1.19PM,22,4,2.5,2.5,2.5,NIL,88,210,660,0.34,8.33,16.66,580,1.52
1.25PM,85,"8,9",3,3,3,NIL,726,2950,6534,0.45,34.7,69.4,315,3.05
1.23PM,27,7,3,2.5,5,1.5,189,900,1417.5,0.63,33.33,66.66,640,1.4
1.50PM,24,"12,15",3,3,3,1.5,291,1475,2619,0.56,61.74,122.91,290,2.79
1.21PM,85,7,3,3,3,NIL,595,2250,5355,0.42,26.47,52.94,310,4.7
1.07PM,23,12,3.5,3,3.5,1.5,276,1458.32,2898,0.5,63.4,126.8,430,2.29
1.06PM,55,"9,10,12,15",3.5,3,3,1,612,3500,6426,0.54,63.83,127.27,480,1.78
1.31PM,60,15,4,3.5,3,1,900,5050,12600,0.4,84.16,168.32,460,6.1
1.10PM,16,10,3,3,3,NIL,160,750,1440,0.52,49.87,93.74,450,2.16
1.17PM,23,24,4.2,3.2,3,1,552,3550,7418.88,0.47,154.34,308.38,450,3.81
1.15PM,115,7,3,3,3,NIL,805,2950,7245,0.4,25.65,51.3,380,12.8
1.04PM,28,"6,7,8",3.5,3,3,NIL,224,1000,2352,0.42,35.71,35.71,430,2.16
1.09PM,35,6,3,3,3,NIL,210,875,1890,0.46,25,50,420,1.91
1.13PM,22,17,4,3,3,1,374,2550,4488,0.56,115.9,231.8,410,3.43
1.56PM,47,"6,9",3,3,3,NIL,411,2250,3699,0.6,47.87,95.74,510,NA
1.53PM,39,11,3.5,3,3,1,462,2425,4504.5,0.53,62.17,124.35,480,1.91
1.51PM,39,5,3.5,3,2.8,NIL,52.5,800,2047.5,0.39,20.51,41.02,550,2.41
1.51PM,30,10,3,3,3,1,900,1886.12,2700,0.69,62.87,125.74,530,2.41
1.55PM,30,"20,21",4,3,3,1,610,4325,7320,0.59,144.17,288.34,380,5.72
1.52PM,30,16,4,3,3,1,480,3250,5760,0.56,108.33,216.67,370,2.16
1.07PM,17,9,3,3,3,1,153,711.8,1377,0.51,41.87,83.74,530,NA
1.05PM,18,15,3.2,3,3,1,270,1725,2592,0.66,90.78,181.57,410,1.27
1.20PM,70,"10,11,12",3.2,2.8,3,NIL,782,2700,7007,0.39,38.57,77.14,350,5.21
1.20PM,45,10,3.2,2.8,3,1,450,1750,4032,0.44,38.88,77.79,360,2.54
1.20PM,58,"7,8",3,2.5,3,NIL,370,1400,2775,0.5,24.14,48.28,380,2.54
1.21PM,60,"17,20,22",4,3,3,1,1196,6275,14356.6,0.43,104.58,209.16,410,4.06
1.10PM,20,14,3.75,3.25,3,1,280,1725,3412.5,0.5,86.25,172.5,540,NA
1.10PM,7,"4,6",3.5,3,3,NIL,38,50,399,0.12,7.14,7.14,570,NA
1.30PM,75,23,3.5,3,3,1,1725,11275,18113,0.62,150.33,300.67,310,6.35
1.02PM,23,14,3.5,3,3,1,322,1750,3381,0.51,76.8,152.17,470,1.91
5.12PM,49,"5,5.5",3,2.5,2.8,NIL,257.24,870,1929.37,0.45,16.66,33.56,240,4.19
1.09PM,43,"9,15",3.5,3,2.5,1,519,3150,5449.5,0.57,73.25,146.51,410,1.91
5.14PM,32,18,3.6,3.2,3,1,576,3650,6636,0.55,114.06,228.12,380,1.65
5.14PM,43,"18,25",3.6,3.2,3,2,670,4850,7718,0.62,112.79,225.58,570,0.889
5.14PM,75,"6,7,8",3,2.5,3,NIL,420,1750,3150,0.55,23.33,46.67,340,1.4
1.08PM,30,10,3.5,3,3,1,300,1650,3150,0.52,55,55,320,3.3
1.10PM,54,7,2.5,2.5,2.8,NIL,378,1575,2362.5,0.66,29.16,58.33,NA,NA
1.20PM,16,18,3.6,3.2,3,1,288,2150,3318,0.64,134.37,268.75,NA,NA
1.21PM,60,6,3,2.5,3,NIL,360,1200,2700,0.45,20,40,NA,NA
1.25PM,27,13,3.5,3,3,1,351,1925,3685.5,0.52,71.29,142.59,NA,NA
1.39PM,10,12,3.5,3,3,1.5,120,725,1260,0.57,72.5,155,340,1.91
1.32PM,77,23,4,3,3,1,1771,10075,21252,0.47,130.84,261.68,430,5.97
1.10PM,56,11,3.5,3,3,1,616,3525,6468,0.54,62.94,125.94,NA,NA
1.35PM,28,"6,3",2.5,2,2.5,NIL,108,233.34,540,0.43,15.73,31.47,NA,NA
1.25PM,72,7.5,3,3,3,NIL,540,2500,4860,0.51,34.72,69.44,NA,NA
1.21PM,70,7.5,3.5,3.2,3,NIL,560,3241.7,5880,0.55,46.31,92.62,340,2.79
1.22PM,24,7,3.5,3,3,NIL,168,800,1764,0.45,33.3,66.6,420,3.43
1.20PM,80,"7,7.5",3,2.5,3,NIL,590,2475,4425,0.55,30.93,61.86,280,6.99
1.20PM,30,"5,8",3,3,3,NIL,210,975,1890,0.51,32.5,65,420,1.02
1.11PM,36,15,3,2.7,3,1,540,3000,4374,0.68,83.33,166.66,360,1.14
1.07PM,31,"5,6,8",3,3,3,NIL,189,750,1701,0.44,24.19,24.19,410,3.18
1.03PM,58,5.2 - 8.4,3,3,3,NIL,435,2175,3915,0.55,37.5,37.5,370,4.95
1.17PM,51,25,4.2,3.2,3,1,1275,9225,17316,0.53,180.88,361.76,390,3.38
1.20PM,35,25,4.2,3.2,3,1,875,5000,11760,0.42,142.85,285/75,NA,NA
1.18PM,31,20,4,3,3,1,800,5350,7440,0.71,172.58,345.16,NA,NA
1.15PM,58,9.5,3,3,3,0.7,551,2950,4959,0.59,50.86,101.72,NA,NA
1.15PM,28,14,3.5,3,3,1,392,1875,4116,0.45,66.96,133.92,NA,NA
1.35PM,40,"6.5,7",3,3,2.5,NIL,263.5,1250,2371.5,0.52,31.25,62.5,NA,NA
1.20PM,35,19,4,3,3,1,665,4300,7890,0.53,122.85,245.7,NA,NA
1.18PM,75,8,3,3,3,NIL,600,3000,5400,0.55,40,80,NA,NA
1.05PM,33,"10,13",3,3,3,1,393,2125,3537,0.6,64.39,128.78,NA,NA
1.07PM,39,5,3,3,3,NIL,195,650,1755,0.37,16.66,33.33,NA,NA
1.10PM,46,7.6,3.5,3,3,NIL,349.6,2075,3915.52,0.52,45.1,90.2,NA,NA
1.07PM,52,"9,6",3,3,3,NIL,387,1925,3483,0.55,37.01,74.03,400,0.889
1.08PM,30,"10,11",3,3,3,1,310,1575,2790,0.56,52.5,105,430,3.3
1.03PM,45,9,3,2.5,3,1,405,1750,3075.5,0.57,38.88,77.77,400,2.16
1.10PM,19,12,3.5,3,3,1,228,1675,2394,0.69,88.15,176.3,450,1.14
1.22PM,30,11,3,3,3,1,330,1875,2970,0.63,62.5,125,430,1.78
1.29PM,18,8,3,2.5,3,NIL,144,750,1080,0.69,41.66,83.22,410,1.65
1.28PM,41,"8.5,10.5",3,3,3,0.8,360.5,2200,3244.5,0.67,53.65,107.3,340,8.26
1.28PM,44,6,3,2.6,3,NIL,264,1250,2059.2,0.6,28.4,56.8,360,8.26
1.40PM,61,"9,10,11",3.1,2.8,3,1,625,3500,5425,0.64,57.37,114.75,380,9.4
2.14PM,36,19,3.6,3.2,3,1.5,684,5400,7879.68,0.68,150,300,380,7.11
2.13PM,22,24,4,3.3,3,1.5,528,4400,6969.6,0.63,200,400,410,5.46
1.16PM,30,9,3.5,3,3,NIL,270,1700,2835,0.59,56.66,113.33,530,2.03
1.11PM,54,14,3.5,3,3,1,756,4050,7938,0.5,75,150,400,2.41
1.15PM,30,20,3.6,3.2,3,1,600,4700,6912,0.67,156.66,313.32,400,4.06
1.33PM,90,"20,23",4.2,3.2,3,1,1815,12850,24393,0.52,142.77,285.55,300,7.87
1.29PM,51,"13,14",3.2,3,3,1,702,3150,6739.2,0.46,61.76,123.52,370,8.51
1.13PM,35,"12.5,15",3.6,3.2,3,1.5,490,2900,5644.8,0.51,75,150,460,1.52
1.13PM,61,"12,13",3.6,3.2,3,1,774,4525,8916.48,0.5,74.18,148.36,390,13.3
1.13PM,40,"13,14",3.6,3.2,3,1,532,3500,6128.64,0.57,87.5,175,380,7.75
1.17PM,38,"20,21,22",3.6,3.2,3,1,805,5325,9273.6,0.57,140.13,280.26,370,6.35
1.12PM,25,"26,30",3.8,3.3,3,1.5,674,5125,8451.96,0.59,205,410,450,7.11
1.10PM,54,"8,9",3,2.5,3,0.8,472,2275,3540,0.64,42.12,84.25,620,NA
1.12PM,21,"4.5,5",3,3,2.8,NIL,95.5,425,859.5,0.49,20.23,40.47,600,NA
1.14PM,43,"2,3,4,6,7,8",3,2.8,2.8,NIL,233,700,1957.2,0.35,16.27,32.55,580,NA
1.46PM,34,9,3,3,3,NIL,306,1561.11,2754,0.56,45.9,91.8,430,1.14
1.47PM,23,8,3.5,3,3,NIL,184,874.92,1932,0.45,38.04,76.08,400,1.02
1.16PM,20,15,3.6,3.2,3,1,300,1875,3456,0.54,93.75,187.5,450,1.52
1.06PM,16,"4,5",2.5,2.5,2.8,NIL,64,150,400,0.37,9.41,18.82,240,3.18
1.09PM,131,"6,7,8,9",3.2,2.8,3,NIL,826,2900,5465,0.53,22.13,44.27,590,1.14
1.36PM,33,"21,22,23",3.8,3.2,3,1,714.78,5500,8691.72,0.63,166.66,166.66,510,7.49
1.10PM,27,7.5,3.5,3,3,0.5,202.5,1125,2126.25,0.52,41.66,83.32,510,0.762
1.34PM,87,"14,15.5",3.6,3.2,3,1,1312.5,7600,15120,0.5,87.35,174.7,390,5.08
1.06PM,47,"8,10,12,14",3.75,3.25,3,1,586,3450,7141.8,0.48,73.4,146.8,440,1.27
1.06PM,20,15,3.75,3.25,3,1,300,1800,3656.25,0.49,90,180,470,1.27
1.16PM,21,15,3.6,3.2,3,1,315,2150,3402,0.63,102.34,204.76,470,0.508
1.10PM,31,5,2.8,2.5,2.8,NIL,155,625,1085,0.57,20.16,40.32,410,3.43
1.04PM,58,"8.3,10",3,3,3,1,506.9,2175,4562.1,0.47,37.5,75,470,5.21
1.17PM,33,"19,21",3.6,3.2,3,1,685,4375,7891.2,0.55,132.57,265.14,430,6.35
1.38PM,53,"14,16",3.5,3,3,1.2,782,5000,8211,0.6,94.34,188.68,480,3.81
1.39PM,43,"14,15",3.6,3.2,3,1,628,3600,7234.56,0.49,83.72,167.44,380,2.54
1.40PM,53,"21,22",3.6,3.2,3,1,1149.04,7225,13236.94,0.54,136.32,272.64,360,7.75
1.37PM,44,"6,7,9",3.5,3,2.8,NIL,306,1700,3213,0.52,38.63,77.27,510,3.56
1.40PM,19,10,4,4,3,1,190,1109.22,2280,0.48,58.38,116.76,330,7.75
1.12PM,27,"9.5,10",3.5,3,3,1,259.5,1275,2724.75,0.46,47.22,94.44,530,1.78
1.16PM,43,"5,6.5",3,2.5,3,NIL,228.5,925,1713.75,0.53,21.51,43.02,430,0.635
1.11PM,38,8,3,2.5,3,nil,304,1400,2280,0.61,36.84,73.68,370,4.7
1.10PM,14,"9,10",3.5,3,3,1,132,750,1386,0.54,53.37,53.37,NA,NA
1.12PM,23,15,3.2,3,3,1,345,2275,3312,0.68,98.91,197.82,NA,NA
1.15PM,30,"8.5,10",3.5,3,3,0.5,276,1600,2898,0.55,53.33,106.6,430,2.79
5.35PM,40,24.5,3.8,3,3,1,980,6700,11172,0.59,167.5,167.5,310,5.08
5.34PM,34,"17,18",3.6,3.2,3,1,588,4275,6773.76,0.63,125.73,251.46,360,5.72
1.21PM,34,"17,18,19",3.6,3.2,3,1,575,3825,6624,0.57,112.5,225,410,3.18
1.10PM,37,"5,6",3,2.5,3,NIL,199,750,1492.5,0.5,20.27,40.54,450,0.635
1.16PM,23,12,3.2,3,3,1,276,1750,2649.6,0.66,76.08,152.16,350,3.18
5.5PM,36,6,3,3,3,NIL,216,1025,1944,0.52,28.47,56.94,420,1.4
1.17PM,36,"12,15",3.6,3.2,3,1,513,3225,5910,0.53,89.58,179.16,150,27.4
4.57PM,19,12,4,3,3,1,228,1250,2736,0.45,65.78,131.56,330,3.18
5.4PM,34,"5,7",3.2,2.5,3,NIL,220,1050,1737,0.6,30.88,30.88,350,1.14
1.15PM,54,9,3,3,3,1,486,2325,4374,0.53,43.05,86.1,200,2.79
5.00PM,21,25,4,3.5,3,1,525,3300,7350,0.44,157.14,314.28,340,5.72
4.59PM,23,20,3.6,3.2,3,1.5,460,3150,5299.2,0.59,136.95,273.9,380,1.27
5.24PM,20,20,3.6,3.2,3,1,400,2500,4608,0.54,125,250,300,3.94
4.49PM,53,15,3.6,3.2,3,1,795,4950,9158.4,0.54,93.39,186.78,400,3.18
5.21PM,45,"9,10",3.5,3,3,1,426,2625,4473,0.58,58.33,116.66,280,9.4
5.23PM,24,8,3.5,3,3,NIL,192,1250,2016,0.62,52.08,104.16,230,13.7
5.23PM,9,5,2.8,2.5,3,NIL,45,125,315,0.39,13.88,13.88,235,13.7
1.19PM,18,18.5,3.6,3.2,3,1,333,2175,3836,0.56,120.84,241.68,360,4.32
1.16PM,59,"3,5,8,10,12,13",3,3,3,1,593,2264,5337,0.42,38.88,77.76,370,3.18
1.15pm,40,"7.5,9",3,3,3,NIL,354,1700,3186,0.53,42.5,85,360,3.68
1.17pm,47,"7,9,10,11,12",3.25,2.75,3,1,375,2375,4048,0.58,50,100,380,3.05
1.35PM,14,19,3.6,3.2,3,1,380,2100,3064.32,0.68,150,300,395,2.16
1.19pm,25,"8.5,10",3.5,3,3,1,238,1350,2499,0.54,54,54,280,6.73
1.08PM,17,15,3,3,4,1,255,1335.3,2295,0.58,78.42,78.42,NA,NA
1.18pm,30,9,3.5,3,3,1,270,1575,2835,0.55,52.5,105,370,2.54
1.25pm,68,25,4,3.2,3,1,1700,13386.67,21760,0.61,196.86,196.86,470,1.4
1.16PM,20,5,3,2.5,3,NIL,100,463.33,750,0.61,23.16,46.33,NA,NA
1.20PM,32,18,4,3.5,3,1,576,3250,8064,0.4,101.56,101.56,NA,NA
1.15PM,49,"6,7",2,2,3,NIL,336,1125,1344,0.83,22.95,45.9,360,5.08
1.14PM,32,13.5,3.3,3.1,3,1,432,2375,4419.36,0.53,74.21,148.43,390,1.65
1.14pm,25,"11.5,11.7",3.5,3,3,1m,287.5,1350,3018.75,0.44,54,108,440,0.88
1.08PM,20,12,3.5,3,3,1.5,240,1250,2520,0.49,62.5,125,420,2.16
1.01PM,20,"9.2, 12.5",3.5,3,3,1,233.5,1250,2451.75,0.5,62.5,125,480,2.92
1.21PM,13,25,4,3.5,3,1,325,1813.18,4550,0.39,139.52,270.05,600,2.16
1.27PM,37,6,3,2.8,3,NIL,222,950,1864.8,0.5,25.67,51.34,370,1.91
1.28PM,46,"13,14,15",3.8,3.4,3,1,656,3700,8475.52,0.43,80.93,160.86,350,1.78
1.36PM,41,20,3.6,3.2,3,1,820,5850,9446.4,0.61,142.68,285.36,390,2.41
1.13PM,60,"6,7,8,9,10",3,3,3,1,436,2211.12,3924,0.56,36.83,73.7,410,2.54
1.27PM,33,6,3.2,2.8,2,NIL,198,925,1774.08,0.52,28.03,56.06,460,1.14
1.27PM,22,9,3,3,3,NIL,198,1250,2079,0.6,56.81,113.62,440,1.14
1.17PM,27,12,3.5,3,3,1,324,1850,3402,0.53,68.51,137.02,570,1.27
1.06PM,46,7,3,2.5,3,NIL,322,1500,2415,0.62,32.6,65.2,350,5.84
1.20PM,36,11,3,3,3,1.5,396,2050,3564,0.57,56.94,113.88,385,4.45
1.18PM,28,"5,6,7,12",2.5,3,3,1,199.5,1050,1676.25,0.62,37.5,75,410,1.4
1.10PM,33,15,3.1,3.1,3,1,495,2500,4756.95,0.5,75.75,151.51,NA,NA
1.17PM,18,12,3.5,3,3,1.5,216,1150,2268,0.5,63.88,63.88,430,1.78
1.09PM,38,"10,11,12",3.5,3,3,1,424,2675,4452,0.6,70.39,140.78,320,15.2
1.11PM,33,"11,12",3.2,2.8,3,1,391,2575,3503.36,0.73,78.03,156.06,340,9.14
1.10PM,42,7,3,2.8,3,NIL,294,1625,2469.6,0.65,38.69,77.38,380,2.03
1.16PM,36,7.5,3,2.8,3,NIL,270,1425,2268,0.62,39.58,79.16,310,12.6
1.04PM,40,"22,24",4,3,3,1,896,6250,10752,0.58,156.25,312.5,320,10
1.04PM,50,7.5,3,2.8,3,NIL,375,1900,3150,0.6,38,76,360,6.6
1.12PM,8,5.5,3.5,3,2.5,NIL,44,200,462,0.43,25,50,NA,NA
1.16PM,47,7.5,3,2.8,2.5,0.8,352.5,1950,2961,0.65,41.48,82.96,NA,NA
1.11PM,44,20,4,3,3,1,880,6375,10560,0.6,144.88,144.88,360,1.27
1.11PM,27,9,3.5,3,3,NIL,243,1500,2551,0.58,55.55,111,280,15.6
1.10PM,36,"4,5,6",2.8,2.5,2.5,NIL,197.1,1050,1379.7,0.76,29.16,58.33,410,10.8
1.09PM,62,7,3.2,2.8,2.7,0.8,434,2250,3888.64,0.57,36.29,72.5,390,3.68
1.10PM,59,7,3,2.8,3,NIL,413,2275,3469.2,0.65,38.55,77.1,340,6.22
5.07PM,56,7,3,2.8,2.6,0.8,392,2183.34,3292.8,0.66,38.98,77.96,380,1.27
5.30PM,8,3,2,2,2.5,NIL,24,41.66,96,0.43,5.2,10.4,450,NA
5.08PM,59,4.5,2.5,2,2.5,NIL,265.5,900,1327.5,0.67,15.25,30.5,360,5.97
1.32PM,42,"12, 13, 14",3.5,3,3,1.2,556,3575,5838,0.61,85.11,170.22,430,1.02
1.19PM,49,9,3,3,3,0.8,441,2650,3969,0.66,54.08,108.16,290,9.91
1.31PM,45,14,3.3,3.1,3,1,630,4100,6444.9,0.63,91.11,182.22,410,2.54
1.05PM,123,10.5,3.5,3,3,1,1291.5,7050,13560.75,0.51,57.31,114.62,420,4.32
1.32PM,41,25,4,3,3,1,1025,7500,12300,0.6,182.92,182.92,370,7.37
1.06PM,92,"8, 9.5",3.2,2.8,3,NIL,844,3825,7562.24,0.54,44.82,89.64,380,4.45
1.08PM,36,"12, 13, 14, 15",3.5,3,3,1.5,459,2550,4819.5,0.52,70.83,70.83,360,6.1
1.09PM,25,16,3.3,3.1,3,1,400,2525,4092,0.61,101,101,410,4.7
1.23PM,48,"25, 26",3.8,3.2,3,1,1216,9000,14786.56,0.6,187.5,187.5,440,7.49
1.40PM,50,"20, 20.5",3.6,3.2,3,NIL,1011.6,5750,11653.63,0.49,115,230,420,3.3
1.37PM,88,6.5,3,2.8,3,NIL,572,2925,4804.8,0.6,33.23,66.46,340,10.7
1.38PM,30,"5, 7, 8, 9",3,2.8,3,NIL,207,900,1738.8,0.54,30,60,330,4.06
1.04PM,42,10,3,2.8,3,1,420,2325,3528,0.65,55.35,110.71,530,2.41
1.30PM,24,9.5,3.5,3,2.5,1.5,228,1250,2394,0.52,52,104,380,1.65
1.29PM,69,9.5,3,2.8,3,NIL,655.5,3250,5506.2,0.59,47.1,94.2,380,5.84
1.30PM,81,8.5,3,2.8,3,1,688.5,3750,5783.4,0.64,46.29,92.58,360,1.65
1.55PM,262,"9, 12",1,0.6,2.5,NIL,2882,15720,60500,0.25,60,540,NA,NA
1.30PM,24,11,3,3,3,1,264,1513.9,2376,0.63,63.07,63.07,205,5.84
1.37PM,42,"13.5,16.5",3.3,3.1,2.8,NIL,651,3325,6659.73,0.49,79.16,158.33,380,1.27
1.19PM,107,"7, 7.5",3,2.8,3,NIL,779.5,4425,6547.8,0.67,41.35,82.7,310,15.7
1.21PM,31,6,3.3,2.8,2.8,NIL,186,775,1718.64,0.45,25,50,340,1.78
1.10PM,34,"11,12",3.5,3,3,1,381,2050,4000,0.51,60.29,120.5,NA,NA
1.12PM,28,"7,7.5",3.2,2.5,2.8,NIL,197.5,991.68,1580,0.62,35.41,70.82,NA,NA
1.15PM,50,7,3.2,3,3,NIL,350,1925,3360,0.57,38.5,77,NA,NA
1.20PM,29,"4,6",2.8,2.5,3,NIL,162,500,1134,0.44,17.24,34.48,NA,NA
1.21PM,56,"12,13,15",3.5,3,3,1,698,3900,7329,0.53,69.64,139.28,390,4.57
1.14PM,70,"6,7",3,2.5,3,NIL,480,2500,3600,0.69,35.71,71.42,340,17.8
1.21PM,37,"9,12",3.5,3,3,1,417,2600,4378.5,0.59,69.81,139.63,410,3.81
1.16PM,40,"5,7",3.2,2.8,3,NIL,264,1375,2365.44,0.58,34.37,68.75,310,7.11
1.05PM,18,"9,10",3,3,3,1,168,925,1512,0.61,51.38,102.76,660,NA
1.42PM,61,20.5,3.5,3.3,3,1,1250.5,7775,14443.275,0.53,127.45,254.9,410,4.32
1.29PM,110,"7,8",2.8,3.1,3,NIL,700,4400,6944,0.63,40,80,340,12.7
1.10PM,18,"10,11",3,3,3,1,188,900,1692,0.53,50,100,660,NA
1.32PM,45,25,3.8,3.2,3,3,1125,7450,13680,0.54,165.55,331.11,390,7.11
1.12PM,57,"11,12",3.2,2.8,3,1,662,3300,5931.52,0.55,57.89,115.78,410,4.95
1.11PM,90,"5,6,9,7",3.2,2.8,2.8,NIL,722,2650,6469.12,0.4,29.44,58.88,280,11.6
1.17PM,29,"20,25",3.8,3.2,3,1,675,3550,8208,0.43,122.41,122.41,450,2.54
1.16PM,29,"4,10",2.8,2.8,2.5,1,218,975,1764,0.55,33.62,67.24,440,1.52
1.10PM,27,10,3.5,3,3,1,270,1500,2835,0.52,55.55,111.1,260,6.48
1.20PM,16,"6.5,8.5",3,2.8,3,1,128,500,1075.2,0.46,31.25,62.5,460,NA
1.20PM,17,5,2.8,2.5,3,NIL,85,300,595,0.5,17.64,35.28,480,NA
1.25PM,45,1`0.5,3.2,2.5,3,1,472.5,2735.42,3780,0.72,54.21,108.42,NA,NA
1.04PM,20,12,3.5,3,3,1,240,1250,2520,0.49,62.5,125,420,2.16
1.12PM,20,11.675,3.5,3,3,NIL,233.5,1250,2451.75,0.5,62.5,125,480,2.92
1.16PM,13,25,4,3.5,3,1,325,1813.18,4550,0.39,139.52,270.05,600,2.16
1.11PM,37,6,3,2.8,3,NIL,222,950,1864.8,0.5,25.67,51.34,370,1.91
1.11PM,46,14.26086957,3.8,3.4,3,1,656,3700,8475.52,0.43,80.93,160.86,350,1.78
1.10PM,41,20,3.6,3.2,3,NIL,820,5850,9446.4,0.61,142.68,285.36,390,2.41
1.09PM,60,7.266666667,3,3,3,NIL,436,2211.12,3924,0.56,36.83,73.7,410,2.54
1.10PM,33,6,3.2,2.8,2,NIL,198,925,1774.08,0.52,28.03,56.06,460,1.14
5.07PM,22,9,3,3,3,1,198,1250,2079,0.6,56.81,113.62,440,1.14
5.30PM,27,12,3.5,3,3,1,324,1850,3402,0.53,68.51,137.02,570,1.27
5.08PM,46,7,3,2.5,3,1,322,1500,2415,0.62,32.6,65.2,350,5.84
1.32PM,36,11,3,3,3,1,396,2050,3564,0.57,56.94,113.88,385,4.45
1.19PM,28,7.125,3.5,3.5,3,NIL,199.5,1050,1676.25,0.62,37.5,75,410,1.4
1.31PM,33,15,3.1,3.1,3,0.8,495,2500,4756.95,0.5,75.75,151.51,NA,NA
1.05PM,18,12,3.5,3,3,NIL,216,1150,2268,0.5,63.88,63.88,430,1.78
1.32PM,38,11.15789474,3.5,3,3,1,424,2675,4452,0.6,70.39,140.78,320,15.2
1.06PM,33,11.84848485,3.2,2.8,3,1.5,391,2575,3503.36,0.73,78.03,156.06,340,9.14
1.08PM,42,7,3,2.8,3,1.5,294,1625,2469.6,0.65,38.69,77.38,380,2.03
1.04PM,36,7.5,3,2.8,3,NIL,270,1425,2268,0.62,39.58,79.16,310,12.6
1.04PM,40,22.4,4,3,3,1,896,6250,10752,0.58,156.25,312.5,320,10
1.12PM,50,7.5,3,2.8,3,1,375,1900,3150,0.6,38,76,360,6.6
1.16PM,8,5.5,3.5,3,2.5,1,44,200,462,0.43,25,50,NA,NA
1.11PM,47,7.5,3,2.8,2.5,1,352.5,1950,2961,0.65,41.48,82.96,NA,NA
1.11PM,44,20,4,3,3,1.5,880,6375,10560,0.6,144.88,144.88,360,1.27
1.10PM,27,9,3.5,3,3,1,243,1500,2551,0.58,55.55,111,280,15.6
1.09PM,36,5.475,2.8,2.5,2.5,1,197.1,1050,1379.7,0.76,29.16,58.33,410,10.8
1.10PM,62,7,3.2,2.8,2.7,1,434,2250,3888.64,0.57,36.29,72.5,390,3.68
5.07PM,59,7,3,2.8,3,1.5,413,2275,3469.2,0.65,38.55,77.1,340,6.22
5.30PM,56,7,3,2.8,2.6,0.8,392,2183.34,3292.8,0.66,38.98,77.96,380,1.27
5.08PM,8,3,2,2,2.5,NIL,24,41.66,96,0.43,5.2,10.4,450,NA
1.32PM,59,4.5,2.5,2,2.5,NIL,265.5,900,1327.5,0.67,15.25,30.5,360,5.97
1.19PM,42,13.23809524,3.5,3,3,NIL,556,3575,5838,0.61,85.11,170.22,430,1.02
1.31PM,49,9,3,3,3,NIL,441,2650,3969,0.66,54.08,108.16,290,9.91
1.05PM,45,14,3.3,3.1,3,1,630,4100,6444.9,0.63,91.11,182.22,410,2.54
1.32PM,123,10.5,3.5,3,3,NIL,1291.5,7050,13560.75,0.51,57.31,114.62,420,4.32
1.06PM,41,25,4,3,3,NIL,1025,7500,12300,0.6,182.92,182.92,370,7.37
1.08PM,92,9.173913043,3.2,2.8,3,1,844,3825,7562.24,0.54,44.82,89.64,380,4.45
1.04PM,36,12.75,3.5,3,3,0.5,459,2550,4819.5,0.52,70.83,70.83,360,6.1
1.04PM,25,16,3.3,3.1,3,1,400,2525,4092,0.61,101,101,410,4.7
1.12PM,48,25.33333333,3.8,3.2,3,1.5,1216,9000,14786.56,0.6,187.5,187.5,440,7.49
1.16PM,50,20.232,3.6,3.2,3,0.8,1011.6,5750,11653.63,0.49,115,230,420,3.3
1.11PM,88,6.5,3,2.8,3,NIL,572,2925,4804.8,0.6,33.23,66.46,340,10.7
1.11PM,30,6.9,3,2.8,3,NIL,207,900,1738.8,0.54,30,60,330,4.06
1.10PM,42,10,3,2.8,3,NIL,420,2325,3528,0.65,55.35,110.71,530,2.41
1.09PM,24,9.5,3.5,3,2.5,NIL,228,1250,2394,0.52,52,104,380,1.65
1.10PM,69,9.5,3,2.8,3,1,655.5,3250,5506.2,0.59,47.1,94.2,380,5.84
5.07PM,81,8.5,3,2.8,3,NIL,688.5,3750,5783.4,0.64,46.29,92.58,360,1.65
5.30PM,262,11,1,0.6,2.5,NIL,2882,15720,60500,0.25,60,540,NA,NA
5.08PM,24,11,3,3,3,1,264,1513.9,2376,0.63,63.07,63.07,205,5.84
1.32PM,42,15.5,3.3,3.1,2.8,0.5,651,3325,6659.73,0.49,79.16,158.33,380,1.27
1.19PM,107,7.285046729,3,2.8,3,1,779.5,4425,6547.8,0.67,41.35,82.7,310,15.7
1.31PM,31,6,3.3,2.8,2.8,1.5,186,775,1718.64,0.45,25,50,340,1.78
1.05PM,34,11.20588235,3.5,3,3,0.8,381,2050,4000,0.51,60.29,120.5,NA,NA
1.32PM,28,7.053571429,3.2,2.5,2.8,NIL,197.5,991.68,1580,0.62,35.41,70.82,NA,NA
1.06PM,50,7,3.2,3,3,NIL,350,1925,3360,0.57,38.5,77,NA,NA
1.08PM,29,5.586206897,2.8,2.5,3,NIL,162,500,1134,0.44,17.24,34.48,NA,NA
1.04PM,56,12.46428571,3.5,3,3,NIL,698,3900,7329,0.53,69.64,139.28,390,4.57
1.04PM,70,6.857142857,3,2.5,3,1,480,2500,3600,0.69,35.71,71.42,340,17.8
1.12PM,37,11.27027027,3.5,3,3,NIL,417,2600,4378.5,0.59,69.81,139.63,410,3.81
1.16PM,40,6.6,3.2,2.8,3,NIL,264,1375,2365.44,0.58,34.37,68.75,310,7.11
1.11PM,18,9.333333333,3,3,3,1,168,925,1512,0.61,51.38,102.76,660,NA
1.11PM,61,20.5,3.5,3.3,3,0.5,1250.5,7775,14443.275,0.53,127.45,254.9,410,4.32
1.10PM,110,6.363636364,2.8,3.1,3,1,700,4400,6944,0.63,40,80,340,12.7
1.09PM,18,10.44444444,3,3,3,1.5,188,900,1692,0.53,50,100,660,NA
1.10PM,45,25,3.8,3.2,3,0.8,1125,7450,13680,0.54,165.55,331.11,390,7.11
5.07PM,57,11.61403509,3.2,2.8,3,NIL,662,3300,5931.52,0.55,57.89,115.78,410,4.95
5.30PM,90,8.022222222,3.2,2.8,2.8,NIL,722,2650,6469.12,0.4,29.44,58.88,280,11.6
5.08PM,29,23.27586207,3.8,3.2,3,NIL,675,3550,8208,0.43,122.41,122.41,450,2.54
1.32PM,29,7.517241379,3,3,2.5,NIL,218,975,1764,0.55,33.62,67.24,440,1.52
1.19PM,27,10,3.5,3,3,1,270,1500,2835,0.52,55.55,111.1,260,6.48
1.15PM,28,14,3.5,3,3,1,392,3300.701053,4116,0.45,66.96,133.92,NA,NA
1.35PM,40,"6.5,7",3,3,2.5,0.5,263.5,3355.688391,2371.5,0.52,31.25,62.5,NA,NA
1.20PM,35,19,4,3,3,1,665,3410.675729,7890,0.53,122.85,245.7,NA,NA
1.18PM,75,8,3,3,3,1.5,600,3465.663068,5400,0.55,40,80,NA,NA
1.05PM,33,"10,13",3,3,3,0.8,393,3520.650406,3537,0.6,64.39,128.78,NA,NA
1.07PM,39,5,3,3,3,NIL,195,3575.637744,1755,0.37,16.66,33.33,NA,NA
1.10PM,46,7.6,3.5,3,3,NIL,349.6,3630.625083,3915.52,0.52,45.1,90.2,NA,NA
1.07PM,52,"9,6",3,3,3,NIL,387,3685.612421,3483,0.55,37.01,74.03,0.889,400
1.08PM,30,"10,11",3,3,3,NIL,310,3740.599759,2790,0.56,52.5,105,3.3,430
1.03PM,45,9,3,2.5,3,1,405,3795.587098,3075.5,0.57,38.88,77.77,2.16,400
1.10PM,19,12,3.5,3,3,1,228,3850.574436,2394,0.69,88.15,176.3,1.14,450
1.22PM,30,11,3,3,3,0.5,330,3905.561774,2970,0.63,62.5,125,1.78,430
1.29PM,18,8,3,2.5,3,1,144,3960.549113,1080,0.69,41.66,83.22,1.65,410
1.28PM,41,"8.5,10.5",3,3,3,1.5,360.5,4015.536451,3244.5,0.67,53.65,107.3,8.26,340
1.28PM,44,6,3,2.6,3,0.8,264,4070.523789,2059.2,0.6,28.4,56.8,8.26,360
1.40PM,61,"9,10,11",3.1,2.8,3,NIL,625,4125.511128,5425,0.64,57.37,114.75,9.4,380
2.14PM,36,19,3.6,3.2,3,NIL,684,4180.498466,7879.68,0.68,150,300,7.11,380
2.13PM,22,24,4,3.3,3,NIL,528,4235.485805,6969.6,0.63,200,400,5.46,410
1.16PM,30,9,3.5,3,3,NIL,270,4290.473143,2835,0.59,56.66,113.33,2.03,530
1.11PM,54,14,3.5,3,3,1,756,4345.460481,7938,0.5,75,150,2.41,400
1.15PM,30,20,3.6,3.2,3,1,600,4400.44782,6912,0.67,156.66,313.32,4.06,400
1.33PM,90,"20,23",4.2,3.2,3,0.5,1815,4455.435158,24393,0.52,142.77,285.55,7.87,300
1.29PM,51,"13,14",3.2,3,3,1,702,4510.422496,6739.2,0.46,61.76,123.52,8.51,370
1.13PM,35,"12.5,15",3.6,3.2,3,1.5,490,4565.409835,5644.8,0.51,75,150,1.52,460
1.13PM,61,12.5,3.6,3.2,3,0.8,774,4620.397173,8916.48,0.5,74.18,148.36,13.3,390
1.13PM,40,13.5,3.6,3.2,3,NIL,532,4675.384511,6128.64,0.57,87.5,175,7.75,380
1.17PM,38,31,3.6,3.2,3,NIL,805,4730.37185,9273.6,0.57,140.13,280.26,6.35,370
1.12PM,25,28,3.8,3.3,3,NIL,674,4785.359188,8451.96,0.59,205,410,7.11,450
1.10PM,54,8.5,3,2.5,3,NIL,472,4840.346526,3540,0.64,42.12,84.25,NA,620
1.12PM,21,4.75,3,3,2.8,1,95.5,4895.333865,859.5,0.49,20.23,40.47,NA,600
1.14PM,43,6,3,2.8,2.8,1,233,4950.321203,1957.2,0.35,16.27,32.55,NA,580
1.46PM,34,9,3,3,3,0.5,306,5005.308541,2754,0.56,45.9,91.8,1.14,430
1.47PM,23,8,3.5,3,3,1,184,5060.29588,1932,0.45,38.04,76.08,1.02,400
1.16PM,20,15,3.6,3.2,3,1.5,300,5115.283218,3456,0.54,93.75,187.5,1.52,450
1.06PM,16,5.5,2.5,2.5,2.8,0.8,64,5170.270556,400,0.37,9.41,18.82,3.18,240
1.09PM,131,7.5,3.2,2.8,3,NIL,826,5225.257895,5465,0.53,22.13,44.27,1.14,590
1.36PM,33,33,3.8,3.2,3,NIL,714714.78,5280.245233,8691.72,0.63,166.66,166.66,7.49,510
1.10PM,27,7.5,3.5,3,3,NIL,202.5,5335.232571,2126.25,0.52,41.66,83.32,0.762,510
1.34PM,87,14.75,3.6,3.2,3,NIL,1312.5,5390.21991,15120,0.5,87.35,174.7,5.08,390
1.06PM,47,13.5,3.75,3.25,3,1,586,5445.207248,7141.8,0.48,73.4,146.8,1.27,440
1.06PM,20,15,3.75,3.25,3,1,300,5500.194586,3656.25,0.49,90,180,1.27,470
1.16PM,21,15,3.6,3.2,3,0.5,315,5555.181925,3402,0.63,102.34,204.76,0.508,470
1.10PM,31,5,2.8,2.5,2.8,1,155,5610.169263,1085,0.57,20.16,40.32,3.43,410
1.04PM,58,9.15,3,3,3,1.5,506.9,5665.156602,4562.1,0.47,37.5,75,5.21,470
1.17PM,33,15,3.6,3.2,3,0.8,685,5720.14394,7891.2,0.55,132.57,265.14,6.35,430
1.38PM,53,15,3.5,3,3,NIL,782,5775.131278,8211,0.6,94.34,188.68,3.81,480
1.39PM,43,14.5,3.6,3.2,3,NIL,628,5830.118617,7234.56,0.49,83.72,167.44,2.54,380
1.40PM,53,21.5,3.6,3.2,3,NIL,1149.04,5885.105955,13236.94,0.54,136.32,272.64,7.75,360
1.37PM,44,7.3,3.5,3,2.8,NIL,306,5940.093293,3213,0.52,38.63,77.27,3.56,510
1.40PM,19,10,4,4,3,1,190,5995.080632,2280,0.48,58.38,116.76,7.75,330
1.12PM,27,9.75,3.5,3,3,1,259.5,6050.06797,2724.75,0.46,47.22,94.44,1.78,530
1.16PM,43,5.75,3,2.5,3,0.5,228.5,6105.055308,1713.75,0.53,21.51,43.02,0.635,430
1.11PM,38,8,3,2.5,3,1,304,6160.042647,2280,0.61,36.84,73.68,4.7,370
1.10PM,14,9.5,3.5,3,3,1.5,132,6215.029985,1386,0.54,53.37,53.37,NA,NA
1.12PM,23,15,3.2,3,3,0.8,345,6270.017323,3312,0.68,98.91,197.82,NA,NA
1.15PM,30,9.25,3.5,3,3,NIL,276,6325.004662,2898,0.55,53.33,106.6,2.79,430
5.35PM,40,24.5,3.8,3,3,NIL,980,6379.992,11172,0.59,167.5,167.5,5.08,310
5.34PM,34,17.5,3.6,3.2,3,NIL,588,6434.979338,6773.76,0.63,125.73,251.46,5.72,360
1.21PM,34,54,3.6,3.2,3,NIL,575,6489.966677,6624,0.57,112.5,225,3.18,410
1.10PM,37,5.5,3,2.5,3,1,199,6544.954015,1492.5,0.5,20.27,40.54,0.635,450
1.16PM,23,12,3.2,3,3,1,276,6599.941353,2649.6,0.66,76.08,152.16,3.18,350
5.5PM,36,6,3,3,3,0.5,216,6654.928692,1944,0.52,28.47,56.94,1.4,420
1.17PM,36,13.5,3.6,3.2,3,1,513,6709.91603,5910,0.53,89.58,179.16,27.4,150
4.57PM,19,12,4,3,3,1.5,228,6764.903368,2736,0.45,65.78,131.56,3.18,330
5.4PM,34,6,3.2,2.5,3,0.8,220,6819.890707,1737,0.6,30.88,30.88,1.14,350
1.15PM,54,9,3,3,3,NIL,486,6874.878045,4374,0.53,43.05,86.1,2.79,200
5.00PM,21,25,4,3.5,3,NIL,525,6929.865383,7350,0.44,157.14,314.28,5.72,340
4.59PM,23,20,3.6,3.2,3,NIL,460,6984.852722,5299.2,0.59,136.95,273.9,1.27,380
5.24PM,20,20,3.6,3.2,3,NIL,400,7039.84006,4608,0.54,125,250,3.94,300
4.49PM,53,15,3.6,3.2,3,1,795,7094.827398,9158.4,0.54,93.39,186.78,3.18,400
5.21PM,45,9.5,3.5,3,3,1,426,7149.814737,4473,0.58,58.33,116.66,9.4,280
5.23PM,24,8,3.5,3,3,0.5,192,7204.802075,2016,0.62,52.08,104.16,13.7,230
5.23PM,9,5,2.8,2.5,3,1,45,7259.789414,315,0.39,13.88,13.88,13.7,235
